Species,Feret
P.alata,53.94
P.alata,54.23
P.alata,54.33
P.alata,54.36
P.alata,54.53
P.alata,54.53
P.alata,54.53
P.alata,54.69
P.alata,54.69
P.alata,54.72
P.alata,55.29
P.alata,55.29
P.alata,55.29
P.alata,55.92
P.alata,56.21
P.alata,56.21
P.alata,56.47
P.alata,56.47
P.alata,56.51
P.alata,56.62
P.alata,56.69
P.alata,57.52
P.alata,58.2
P.alata,58.2
P.alata,58.23
P.alata,58.23
P.alata,59.08
P.alata,59.18
P.alata,59.31
P.alata,60.63
P.alata,60.97
P.alata,60.97
P.alata,60.97
P.alata,61.01
P.alata,61.59
P.alata,61.91
P.alata,62.05
P.alata,62.74
P.alata,63.23
P.alata,63.3
P.alata,63.49
P.alata,63.79
P.alata,64.92
P.alata,65.45
P.alata,65.45
P.alata,65.54
P.alata,65.67
P.alata,65.67
P.alata,65.83
P.alata,66.36
P.alata,66.57
P.alata,66.57
P.alata,66.57
P.alata,67.88
P.alata,67.93
P.alata,68.14
P.alata,69.22
P.alata,69.58
P.alata,69.93
P.alata,69.93
P.alata,70.11
P.alata,70.7
P.alata,70.99
P.alata,70.99
P.alata,71.1
P.alata,71.1
P.alata,71.13
P.alata,71.6
P.alata,71.86
P.alata,72.37
P.alata,74.62
P.alata,74.62
P.alata,75.53
P.alata,75.61
P.alata,76.38
P.alata,76.68
P.alata,77.12
P.alata,77.12
P.alata,77.26
P.alata,77.26
P.alata,78.19
P.alata,78.5
P.alata,79.16
P.alata,79.16
P.alata,80.17
P.alata,80.4
P.alata,80.94
P.alata,80.94
P.alata,81.3
P.alata,81.3
P.alata,82.31
P.alata,82.31
P.alata,83.8
P.alata,83.8
P.alata,83.8
P.alata,83.8
P.alata,84.61
P.alata,85.46
P.alata,86.52
P.alata,86.79
P.alata,89.15
P.alata,89.52
P.alata,90.21
P.alata,92.02
P.alata,92.78
P.alata,95.15
P.alata,95.93
P.alata,96.13
P.alata,96.96
P.alata,96.96
P.alata,96.96
P.alata,97.25
P.alata,97.89
P.alata,98.4
P.alata,99.65
P.alata,99.98
P.alata,100.05
P.alata,100.39
P.alata,100.93
P.alata,100.97
P.alata,102.21
P.alata,102.77
P.alata,103.63
P.alata,104.07
P.alata,104.5
P.alata,104.9
P.alata,105
P.alata,107.39
P.alata,108.23
P.alata,108.46
P.alata,108.46
P.alata,109.07
P.alata,109.45
P.alata,109.55
P.alata,111.61
P.alata,113.01
P.alata,114.7
P.alata,114.75
P.alata,115.04
P.alata,115.04
P.alata,115.06
P.alata,117.32
P.alata,117.68
P.alata,118.16
P.alata,118.51
P.alata,118.82
P.alata,119.55
P.alata,120.4
P.alata,120.85
P.alata,122.28
P.alata,122.57
P.alata,123.62
P.alata,123.62
P.alata,123.89
P.alata,124.04
P.alata,125.04
P.alata,125.55
P.alata,126.27
P.alata,126.27
P.alata,126.74
P.alata,127.57
P.alata,128.02
P.alata,130.9
P.alata,131.79
P.alata,132.34
P.alata,133.33
P.alata,133.33
P.alata,133.71
P.alata,135.44
P.alata,136.64
P.alata,138.02
P.alata,138.26
P.alata,138.77
P.alata,140.34
P.alata,142.74
P.alata,143.65
P.alata,144.13
P.alata,144.81
P.alata,146.56
P.alata,147.29
P.alata,149.75
P.alata,149.97
P.alata,150.35
P.alata,153.45
P.alata,154.25
P.alata,154.95
P.alata,155.24
P.alata,155.58
P.alata,156.65
P.alata,157.16
P.alata,158.32
P.alata,159.98
P.alata,160.18
P.alata,161.83
P.alata,161.88
P.alata,162.69
P.alata,163.65
P.alata,163.86
P.alata,164.38
P.alata,164.46
P.alata,164.71
P.alata,165.46
P.alata,166.32
P.alata,167.25
P.alata,168.04
P.alata,168.15
P.alata,168.43
P.alata,169.6
P.alata,170
P.alata,171.49
P.alata,171.9
P.alata,172.13
P.alata,172.26
P.alata,174.75
P.alata,175.46
P.alata,177.24
P.alata,178.48
P.alata,180.33
P.alata,180.5
P.alata,181.64
P.alata,181.64
P.alata,182.69
P.alata,182.78
P.alata,185.38
P.alata,185.44
P.alata,187.24
P.alata,189.13
P.alata,189.31
P.alata,193.79
P.alata,195.63
P.alata,196.63
P.alata,197.31
P.alata,197.74
P.alata,198.67
P.alata,202.03
P.alata,202.3
P.alata,203.89
P.alata,205.82
P.alata,206.06
P.alata,206.15
P.alata,207.4
P.alata,209.25
P.alata,210.51
P.alata,212.07
P.alata,213.93
P.alata,214.17
P.alata,214.2
P.alata,216.35
P.alata,217.01
P.alata,223.86
P.alata,227.61
P.alata,229.15
P.alata,252.87
P.alata,265.8
P.alata,280
P.baileyi,46.99
P.baileyi,46.99
P.baileyi,47.92
P.baileyi,48.14
P.baileyi,48.18
P.baileyi,48.33
P.baileyi,48.51
P.baileyi,49.63
P.baileyi,49.77
P.baileyi,49.77
P.baileyi,51.34
P.baileyi,51.99
P.baileyi,52.23
P.baileyi,52.26
P.baileyi,52.97
P.baileyi,53.2
P.baileyi,53.2
P.baileyi,53.46
P.baileyi,53.83
P.baileyi,54.8
P.baileyi,55.28
P.baileyi,55.89
P.baileyi,57.51
P.baileyi,57.66
P.baileyi,58.99
P.baileyi,58.99
P.baileyi,61.66
P.baileyi,61.66
P.baileyi,62.48
P.baileyi,62.48
P.baileyi,63.05
P.baileyi,63.19
P.baileyi,64.35
P.baileyi,64.6
P.baileyi,65.25
P.baileyi,66.22
P.baileyi,68.14
P.baileyi,68.32
P.baileyi,68.96
P.baileyi,69.01
P.baileyi,69.95
P.baileyi,70.18
P.baileyi,70.18
P.baileyi,71.45
P.baileyi,72.04
P.baileyi,75.77
P.baileyi,76.05
P.baileyi,78.23
P.baileyi,78.54
P.baileyi,79.97
P.baileyi,80.3
P.baileyi,80.3
P.baileyi,82.06
P.baileyi,84.42
P.baileyi,88.04
P.baileyi,37.072
P.bracetosa,38.09
P.bracetosa,38.23
P.bracetosa,38.99
P.bracetosa,39.15
P.bracetosa,39.27
P.bracetosa,39.27
P.bracetosa,39.57
P.bracetosa,39.57
P.bracetosa,39.78
P.bracetosa,39.78
P.bracetosa,40.01
P.bracetosa,40.18
P.bracetosa,40.25
P.bracetosa,40.41
P.bracetosa,41.13
P.bracetosa,41.35
P.bracetosa,41.95
P.bracetosa,42.27
P.bracetosa,42.27
P.bracetosa,42.59
P.bracetosa,42.59
P.bracetosa,42.86
P.bracetosa,43.12
P.bracetosa,43.12
P.bracetosa,43.24
P.bracetosa,43.34
P.bracetosa,43.9
P.bracetosa,44.47
P.bracetosa,44.92
P.bracetosa,45.12
P.bracetosa,45.57
P.bracetosa,45.72
P.bracetosa,45.87
P.bracetosa,45.97
P.bracetosa,46.9
P.bracetosa,47.14
P.bracetosa,47.28
P.bracetosa,47.28
P.bracetosa,47.62
P.bracetosa,47.73
P.bracetosa,47.86
P.bracetosa,47.86
P.bracetosa,48.56
P.bracetosa,49.39
P.bracetosa,49.67
P.bracetosa,49.91
P.bracetosa,50
P.bracetosa,50.23
P.bracetosa,50.26
P.bracetosa,51.39
P.bracetosa,51.55
P.bracetosa,51.55
P.bracetosa,52.21
P.bracetosa,52.38
P.bracetosa,52.6
P.bracetosa,52.6
P.bracetosa,52.68
P.bracetosa,52.68
P.bracetosa,53.75
P.bracetosa,54.29
P.bracetosa,54.29
P.bracetosa,54.42
P.bracetosa,54.42
P.bracetosa,54.42
P.bracetosa,54.58
P.bracetosa,54.58
P.bracetosa,54.96
P.bracetosa,55.01
P.bracetosa,55.74
P.bracetosa,55.79
P.bracetosa,56.22
P.bracetosa,56.7
P.bracetosa,56.82
P.bracetosa,56.87
P.bracetosa,57.07
P.bracetosa,57.34
P.bracetosa,57.34
P.bracetosa,57.54
P.bracetosa,57.63
P.bracetosa,58.9
P.bracetosa,58.91
P.bracetosa,59.05
P.bracetosa,59.52
P.bracetosa,59.97
P.bracetosa,60.27
P.bracetosa,60.28
P.bracetosa,60.98
P.bracetosa,61.55
P.bracetosa,61.62
P.bracetosa,62.5
P.bracetosa,62.6
P.bracetosa,62.86
P.bracetosa,62.92
P.bracetosa,63.06
P.bracetosa,63.53
P.bracetosa,63.72
P.bracetosa,63.79
P.bracetosa,63.79
P.bracetosa,63.89
P.bracetosa,63.92
P.bracetosa,64.38
P.bracetosa,64.46
P.bracetosa,64.53
P.bracetosa,64.99
P.bracetosa,64.99
P.bracetosa,65.01
P.bracetosa,65.01
P.bracetosa,65.3
P.bracetosa,65.6
P.bracetosa,66.05
P.bracetosa,66.15
P.bracetosa,66.2
P.bracetosa,66.32
P.bracetosa,66.32
P.bracetosa,66.53
P.bracetosa,66.7
P.bracetosa,66.84
P.bracetosa,66.87
P.bracetosa,66.87
P.bracetosa,67.22
P.bracetosa,67.34
P.bracetosa,67.34
P.bracetosa,68.05
P.bracetosa,68.18
P.bracetosa,68.18
P.bracetosa,68.58
P.bracetosa,68.68
P.bracetosa,68.68
P.bracetosa,68.97
P.bracetosa,69.37
P.bracetosa,69.76
P.bracetosa,69.85
P.bracetosa,70.31
P.bracetosa,70.96
P.bracetosa,71.17
P.bracetosa,72.51
P.bracetosa,72.57
P.bracetosa,72.84
P.bracetosa,73.13
P.bracetosa,73.28
P.bracetosa,73.28
P.bracetosa,73.52
P.bracetosa,73.52
P.bracetosa,73.92
P.bracetosa,74.08
P.bracetosa,74.08
P.bracetosa,74.29
P.bracetosa,74.42
P.bracetosa,74.53
P.bracetosa,75.02
P.bracetosa,75.26
P.bracetosa,75.26
P.bracetosa,75.78
P.bracetosa,76.25
P.bracetosa,76.34
P.bracetosa,76.46
P.bracetosa,76.67
P.bracetosa,76.96
P.bracetosa,77.4
P.bracetosa,77.98
P.bracetosa,78.1
P.bracetosa,78.13
P.bracetosa,78.3
P.bracetosa,78.31
P.bracetosa,78.53
P.bracetosa,78.82
P.bracetosa,78.82
P.bracetosa,78.89
P.bracetosa,79.02
P.bracetosa,79.02
P.bracetosa,79.22
P.bracetosa,79.57
P.bracetosa,79.66
P.bracetosa,79.74
P.bracetosa,80.05
P.bracetosa,80.11
P.bracetosa,80.5
P.bracetosa,80.65
P.bracetosa,80.95
P.bracetosa,81.09
P.bracetosa,81.09
P.bracetosa,81.95
P.bracetosa,82.26
P.bracetosa,82.26
P.bracetosa,82.7
P.bracetosa,83.3
P.bracetosa,83.41
P.bracetosa,83.49
P.bracetosa,83.96
P.bracetosa,84.14
P.bracetosa,84.31
P.bracetosa,84.78
P.bracetosa,85.43
P.bracetosa,85.66
P.bracetosa,85.74
P.bracetosa,85.84
P.bracetosa,86.24
P.bracetosa,86.24
P.bracetosa,86.27
P.bracetosa,86.41
P.bracetosa,88.16
P.bracetosa,88.34
P.bracetosa,88.61
P.bracetosa,88.61
P.bracetosa,88.63
P.bracetosa,88.93
P.bracetosa,89.19
P.bracetosa,89.47
P.bracetosa,89.57
P.bracetosa,89.87
P.bracetosa,90.47
P.bracetosa,90.97
P.bracetosa,91.92
P.bracetosa,92.22
P.bracetosa,92.85
P.bracetosa,93.41
P.bracetosa,93.55
P.bracetosa,94.3
P.bracetosa,95.07
P.bracetosa,95.07
P.bracetosa,95.24
P.bracetosa,95.36
P.bracetosa,95.63
P.bracetosa,95.83
P.bracetosa,96.09
P.bracetosa,96.28
P.bracetosa,96.49
P.bracetosa,96.49
P.bracetosa,97.52
P.bracetosa,97.54
P.bracetosa,97.73
P.bracetosa,98.17
P.bracetosa,98.81
P.bracetosa,99.09
P.bracetosa,99.09
P.bracetosa,99.46
P.bracetosa,100.36
P.bracetosa,100.52
P.bracetosa,100.77
P.bracetosa,100.84
P.bracetosa,101.17
P.bracetosa,101.17
P.bracetosa,101.17
P.bracetosa,101.24
P.bracetosa,101.6
P.bracetosa,102.26
P.bracetosa,102.57
P.bracetosa,103.01
P.bracetosa,103.21
P.bracetosa,103.3
P.bracetosa,103.6
P.bracetosa,103.63
P.bracetosa,104.14
P.bracetosa,104.14
P.bracetosa,105.21
P.bracetosa,105.39
P.bracetosa,105.73
P.bracetosa,105.76
P.bracetosa,106.94
P.bracetosa,107.09
P.bracetosa,107.18
P.bracetosa,107.18
P.bracetosa,107.43
P.bracetosa,107.56
P.bracetosa,107.56
P.bracetosa,107.77
P.bracetosa,108.19
P.bracetosa,108.59
P.bracetosa,108.59
P.bracetosa,108.82
P.bracetosa,109.26
P.bracetosa,109.55
P.bracetosa,110.06
P.bracetosa,110.43
P.bracetosa,110.67
P.bracetosa,111.17
P.bracetosa,111.21
P.bracetosa,111.82
P.bracetosa,112
P.bracetosa,112.38
P.bracetosa,112.52
P.bracetosa,112.62
P.bracetosa,113.09
P.bracetosa,113.11
P.bracetosa,113.19
P.bracetosa,113.37
P.bracetosa,113.41
P.bracetosa,113.65
P.bracetosa,114.01
P.bracetosa,114.68
P.bracetosa,114.82
P.bracetosa,114.82
P.bracetosa,115.07
P.bracetosa,115.27
P.bracetosa,115.27
P.bracetosa,115.27
P.bracetosa,115.72
P.bracetosa,115.72
P.bracetosa,115.86
P.bracetosa,115.9
P.bracetosa,115.96
P.bracetosa,116.37
P.bracetosa,116.5
P.bracetosa,116.66
P.bracetosa,116.76
P.bracetosa,117.15
P.bracetosa,117.2
P.bracetosa,117.36
P.bracetosa,117.43
P.bracetosa,117.59
P.bracetosa,117.61
P.bracetosa,117.65
P.bracetosa,117.8
P.bracetosa,118.21
P.bracetosa,118.23
P.bracetosa,119.07
P.bracetosa,119.07
P.bracetosa,119.44
P.bracetosa,119.44
P.bracetosa,119.73
P.bracetosa,119.9
P.bracetosa,120.11
P.bracetosa,120.24
P.bracetosa,120.78
P.bracetosa,121.22
P.bracetosa,121.25
P.bracetosa,121.4
P.bracetosa,121.53
P.bracetosa,121.53
P.bracetosa,121.81
P.bracetosa,121.81
P.bracetosa,121.98
P.bracetosa,122.2
P.bracetosa,122.43
P.bracetosa,122.89
P.bracetosa,123.06
P.bracetosa,123.48
P.bracetosa,123.51
P.bracetosa,123.53
P.bracetosa,123.81
P.bracetosa,124.04
P.bracetosa,124.63
P.bracetosa,124.63
P.bracetosa,124.99
P.bracetosa,125
P.bracetosa,125.81
P.bracetosa,126.51
P.bracetosa,126.87
P.bracetosa,127.06
P.bracetosa,127.38
P.bracetosa,127.77
P.bracetosa,127.93
P.bracetosa,128.13
P.bracetosa,128.23
P.bracetosa,128.77
P.bracetosa,129.28
P.bracetosa,130.75
P.bracetosa,131.7
P.bracetosa,132.39
P.bracetosa,132.98
P.bracetosa,133.06
P.bracetosa,133.37
P.bracetosa,133.48
P.bracetosa,133.52
P.bracetosa,133.57
P.bracetosa,133.73
P.bracetosa,133.74
P.bracetosa,133.74
P.bracetosa,134.31
P.bracetosa,134.43
P.bracetosa,134.45
P.bracetosa,134.97
P.bracetosa,135.44
P.bracetosa,136.19
P.bracetosa,136.19
P.bracetosa,136.36
P.bracetosa,137.04
P.bracetosa,137.15
P.bracetosa,137.17
P.bracetosa,137.35
P.bracetosa,137.43
P.bracetosa,137.7
P.bracetosa,137.94
P.bracetosa,138.09
P.bracetosa,138.42
P.bracetosa,138.71
P.bracetosa,138.83
P.bracetosa,139.59
P.bracetosa,140.11
P.bracetosa,140.11
P.bracetosa,140.61
P.bracetosa,141.34
P.bracetosa,142
P.bracetosa,143
P.bracetosa,144.77
P.bracetosa,145.82
P.bracetosa,147.49
P.bracetosa,147.85
P.bracetosa,148.69
P.bracetosa,149.52
P.bracetosa,149.69
P.bracetosa,153
P.bracetosa,154.57
P.bracetosa,154.65
P.bracetosa,156.6
P.bracetosa,157.07
P.bracetosa,157.64
P.bracetosa,158.29
P.bracetosa,159.02
P.bracetosa,160.11
P.bracetosa,161.9
P.bracetosa,167.75
P.bracetosa,172.58
P.bracetosa,178.37
P.bracetosa,186.74
P.bracetosa,188.68
P.bracetosa,190.2
P.dasytaschya,36.77
P.dasytaschya,36.87
P.dasytaschya,36.88
P.dasytaschya,36.88
P.dasytaschya,38.47
P.dasytaschya,38.63
P.dasytaschya,38.9
P.dasytaschya,39.4
P.dasytaschya,39.4
P.dasytaschya,39.7
P.dasytaschya,40.79
P.dasytaschya,41.23
P.dasytaschya,41.44
P.dasytaschya,41.62
P.dasytaschya,42.06
P.dasytaschya,42.72
P.dasytaschya,42.74
P.dasytaschya,43.17
P.dasytaschya,43.17
P.dasytaschya,43.29
P.dasytaschya,43.68
P.dasytaschya,43.86
P.dasytaschya,44.28
P.dasytaschya,44.95
P.dasytaschya,45.12
P.dasytaschya,45.7
P.dasytaschya,46.88
P.dasytaschya,46.88
P.dasytaschya,47.2
P.dasytaschya,47.31
P.dasytaschya,47.42
P.dasytaschya,47.95
P.dasytaschya,48.26
P.dasytaschya,48.33
P.dasytaschya,48.84
P.dasytaschya,49.52
P.dasytaschya,49.77
P.dasytaschya,50.16
P.dasytaschya,50.41
P.dasytaschya,50.48
P.dasytaschya,50.61
P.dasytaschya,50.67
P.dasytaschya,50.85
P.dasytaschya,50.85
P.dasytaschya,50.99
P.dasytaschya,51.04
P.dasytaschya,52.26
P.dasytaschya,52.26
P.dasytaschya,52.42
P.dasytaschya,52.42
P.dasytaschya,52.76
P.dasytaschya,53.07
P.dasytaschya,53.34
P.dasytaschya,53.37
P.dasytaschya,53.6
P.dasytaschya,53.71
P.dasytaschya,54.09
P.dasytaschya,54.09
P.dasytaschya,54.68
P.dasytaschya,54.68
P.dasytaschya,54.68
P.dasytaschya,55.45
P.dasytaschya,55.57
P.dasytaschya,55.61
P.dasytaschya,55.85
P.dasytaschya,55.89
P.dasytaschya,56.32
P.dasytaschya,56.64
P.dasytaschya,56.75
P.dasytaschya,56.75
P.dasytaschya,56.75
P.dasytaschya,56.75
P.dasytaschya,57.01
P.dasytaschya,57.14
P.dasytaschya,57.21
P.dasytaschya,57.7
P.dasytaschya,58.31
P.dasytaschya,58.43
P.dasytaschya,58.61
P.dasytaschya,59.15
P.dasytaschya,59.36
P.dasytaschya,59.77
P.dasytaschya,60.17
P.dasytaschya,60.3
P.dasytaschya,61.22
P.dasytaschya,61.37
P.dasytaschya,61.37
P.dasytaschya,61.37
P.dasytaschya,61.54
P.dasytaschya,61.85
P.dasytaschya,62.44
P.dasytaschya,62.83
P.dasytaschya,63.12
P.dasytaschya,63.57
P.dasytaschya,63.57
P.dasytaschya,63.57
P.dasytaschya,63.57
P.dasytaschya,63.57
P.dasytaschya,63.57
P.dasytaschya,64.13
P.dasytaschya,64.36
P.dasytaschya,64.41
P.dasytaschya,64.78
P.dasytaschya,65.94
P.dasytaschya,65.94
P.dasytaschya,66.48
P.dasytaschya,66.91
P.dasytaschya,66.91
P.dasytaschya,67.81
P.dasytaschya,67.88
P.dasytaschya,68.37
P.dasytaschya,69.17
P.dasytaschya,69.43
P.dasytaschya,69.69
P.dasytaschya,69.97
P.dasytaschya,70.33
P.dasytaschya,71.04
P.dasytaschya,71.83
P.dasytaschya,71.92
P.dasytaschya,72.17
P.dasytaschya,72.25
P.dasytaschya,72.48
P.dasytaschya,72.53
P.dasytaschya,72.81
P.dasytaschya,73.17
P.dasytaschya,73.17
P.dasytaschya,73.54
P.dasytaschya,74.13
P.dasytaschya,74.16
P.dasytaschya,74.78
P.dasytaschya,75.11
P.dasytaschya,75.18
P.dasytaschya,75.39
P.dasytaschya,75.47
P.dasytaschya,75.85
P.dasytaschya,75.99
P.dasytaschya,75.99
P.dasytaschya,76.16
P.dasytaschya,76.28
P.dasytaschya,76.55
P.dasytaschya,76.84
P.dasytaschya,77.13
P.dasytaschya,77.23
P.dasytaschya,77.9
P.dasytaschya,77.93
P.dasytaschya,78.06
P.dasytaschya,78.06
P.dasytaschya,78.29
P.dasytaschya,78.4
P.dasytaschya,78.72
P.dasytaschya,78.99
P.dasytaschya,78.99
P.dasytaschya,79.06
P.dasytaschya,79.19
P.dasytaschya,79.27
P.dasytaschya,79.29
P.dasytaschya,79.29
P.dasytaschya,79.32
P.dasytaschya,79.65
P.dasytaschya,79.8
P.dasytaschya,80
P.dasytaschya,80.1
P.dasytaschya,80.32
P.dasytaschya,80.41
P.dasytaschya,80.52
P.dasytaschya,81.03
P.dasytaschya,81.03
P.dasytaschya,81.06
P.dasytaschya,81.13
P.dasytaschya,81.31
P.dasytaschya,81.4
P.dasytaschya,81.83
P.dasytaschya,82.49
P.dasytaschya,82.78
P.dasytaschya,82.8
P.dasytaschya,82.86
P.dasytaschya,83.66
P.dasytaschya,83.66
P.dasytaschya,83.95
P.dasytaschya,83.95
P.dasytaschya,84.38
P.dasytaschya,84.52
P.dasytaschya,84.81
P.dasytaschya,84.83
P.dasytaschya,84.83
P.dasytaschya,85.28
P.dasytaschya,85.39
P.dasytaschya,85.47
P.dasytaschya,85.47
P.dasytaschya,85.94
P.dasytaschya,86.32
P.dasytaschya,86.32
P.dasytaschya,86.79
P.dasytaschya,87.8
P.dasytaschya,88.3
P.dasytaschya,88.54
P.dasytaschya,88.54
P.dasytaschya,88.54
P.dasytaschya,88.57
P.dasytaschya,88.75
P.dasytaschya,89.27
P.dasytaschya,89.56
P.dasytaschya,90.27
P.dasytaschya,90.35
P.dasytaschya,90.35
P.dasytaschya,90.9
P.dasytaschya,91.15
P.dasytaschya,91.15
P.dasytaschya,91.68
P.dasytaschya,91.7
P.dasytaschya,91.77
P.dasytaschya,91.78
P.dasytaschya,91.85
P.dasytaschya,92.55
P.dasytaschya,92.55
P.dasytaschya,92.92
P.dasytaschya,93.01
P.dasytaschya,93.12
P.dasytaschya,93.51
P.dasytaschya,93.53
P.dasytaschya,94.02
P.dasytaschya,94.11
P.dasytaschya,94.9
P.dasytaschya,95.5
P.dasytaschya,95.52
P.dasytaschya,95.9
P.dasytaschya,96.1
P.dasytaschya,96.59
P.dasytaschya,96.6
P.dasytaschya,97.24
P.dasytaschya,97.32
P.dasytaschya,97.42
P.dasytaschya,97.9
P.dasytaschya,98.68
P.dasytaschya,100.24
P.dasytaschya,100.51
P.dasytaschya,100.83
P.dasytaschya,100.83
P.dasytaschya,100.88
P.dasytaschya,101.11
P.dasytaschya,101.12
P.dasytaschya,101.65
P.dasytaschya,101.71
P.dasytaschya,102.03
P.dasytaschya,102.5
P.dasytaschya,102.97
P.dasytaschya,103.05
P.dasytaschya,103.58
P.dasytaschya,103.79
P.dasytaschya,103.94
P.dasytaschya,104.37
P.dasytaschya,104.89
P.dasytaschya,105.22
P.dasytaschya,105.24
P.dasytaschya,106.08
P.dasytaschya,107.74
P.dasytaschya,107.82
P.dasytaschya,108.18
P.dasytaschya,108.25
P.dasytaschya,108.25
P.dasytaschya,108.43
P.dasytaschya,108.96
P.dasytaschya,109.36
P.dasytaschya,109.73
P.dasytaschya,109.73
P.dasytaschya,111.45
P.dasytaschya,112.14
P.dasytaschya,113.02
P.dasytaschya,113.12
P.dasytaschya,113.21
P.dasytaschya,113.71
P.dasytaschya,113.87
P.dasytaschya,114.02
P.dasytaschya,114.98
P.dasytaschya,116.85
P.dasytaschya,117.11
P.dasytaschya,118.24
P.dasytaschya,118.72
P.dasytaschya,118.93
P.dasytaschya,119.06
P.dasytaschya,119.53
P.dasytaschya,119.94
P.dasytaschya,120.42
P.dasytaschya,121.44
P.dasytaschya,121.81
P.dasytaschya,122.47
P.dasytaschya,122.98
P.dasytaschya,123.41
P.dasytaschya,124.69
P.dasytaschya,125.25
P.dasytaschya,127.12
P.dasytaschya,127.77
P.dasytaschya,130.55
P.dasytaschya,133.66
P.dasytaschya,134.39
P.dasytaschya,136.31
P.dasytaschya,137.18
P.dasytaschya,137.52
P.dasytaschya,139.56
P.dasytaschya,142.1
P.dasytaschya,143.12
P.dasytaschya,145.73
P.dasytaschya,146.34
P.dasytaschya,148.26
P.dasytaschya,148.75
P.dasytaschya,149.25
P.dasytaschya,150.06
P.dasytaschya,151.17
P.dasytaschya,154.1
P.dasytaschya,157.25
P.dasytaschya,164.5
P.dasytaschya,170.06
P.dasytaschya,173.49
P.dasytaschya,173.82
P.dasytaschya,179.22
P.dasytaschya,179.48
P.dasytaschya,240.48
P.echinata,59.71
P.echinata,60.54
P.echinata,62.86
P.echinata,69.09
P.echinata,70.94
P.echinata,74.05
P.echinata,78.95
P.echinata,79.95
P.echinata,90.25
P.echinata,97.8
P.echinata,98.47
P.echinata,100.72
P.echinata,103.25
P.echinata,105.42
P.echinata,106.33
P.echinata,106.71
P.echinata,106.91
P.echinata,109.62
P.echinata,109.93
P.echinata,111.17
P.echinata,111.77
P.echinata,112.61
P.echinata,113.66
P.echinata,115.44
P.echinata,118.11
P.echinata,118.11
P.echinata,120.35
P.echinata,120.48
P.echinata,120.55
P.echinata,131.73
P.echinata,133.5
P.echinata,134.94
P.echinata,135
P.echinata,135.49
P.echinata,135.89
P.echinata,137.49
P.echinata,137.49
P.echinata,138.19
P.echinata,138.48
P.echinata,138.71
P.echinata,139.48
P.echinata,142.61
P.echinata,144.8
P.echinata,145.52
P.echinata,146.22
P.echinata,149.24
P.echinata,149.6
P.echinata,153.92
P.echinata,154.97
P.echinata,155.02
P.echinata,155.02
P.echinata,157.8
P.echinata,159.04
P.echinata,162.64
P.echinata,163.87
P.echinata,164.23
P.echinata,165.7
P.echinata,170.62
P.echinata,173.85
P.echinata,174.36
P.echinata,174.36
P.echinata,175.1
P.echinata,176.02
P.echinata,177.08
P.echinata,178.25
P.echinata,181
P.echinata,184.3
P.echinata,184.55
P.echinata,184.91
P.echinata,186.04
P.echinata,187.34
P.echinata,187.51
P.echinata,189.43
P.echinata,191.67
P.echinata,192.18
P.echinata,192.78
P.echinata,193.81
P.echinata,196.13
P.echinata,197.81
P.echinata,201.44
P.echinata,202.49
P.echinata,203.35
P.echinata,205.13
P.echinata,205.65
P.echinata,206.5
P.echinata,207.32
P.echinata,208.54
P.echinata,208.83
P.echinata,210.23
P.echinata,212.05
P.echinata,212.54
P.echinata,216.16
P.echinata,216.52
P.echinata,217.01
P.echinata,220.6
P.echinata,222.66
P.echinata,223.86
P.echinata,224.03
P.echinata,224.25
P.echinata,225.79
P.echinata,229.72
P.echinata,232.82
P.echinata,232.83
P.echinata,235.03
P.echinata,235.34
P.echinata,237.9
P.echinata,239.68
P.echinata,240.59
P.echinata,242.17
P.echinata,246.55
P.echinata,254.31
P.exalata,39.18
P.exalata,39.18
P.exalata,39.51
P.exalata,39.62
P.exalata,39.97
P.exalata,40.03
P.exalata,41.35
P.exalata,41.55
P.exalata,41.88
P.exalata,42.1
P.exalata,42.13
P.exalata,43.35
P.exalata,44.2
P.exalata,44.85
P.exalata,44.91
P.exalata,44.95
P.exalata,45.63
P.exalata,45.77
P.exalata,46.23
P.exalata,46.47
P.exalata,46.56
P.exalata,46.79
P.exalata,46.79
P.exalata,47.18
P.exalata,47.42
P.exalata,47.66
P.exalata,48.47
P.exalata,49.72
P.exalata,50.18
P.exalata,51.08
P.exalata,51.08
P.exalata,51.18
P.exalata,51.72
P.exalata,52.75
P.exalata,53.22
P.exalata,53.3
P.exalata,53.61
P.exalata,53.7
P.exalata,54.18
P.exalata,55.41
P.exalata,55.97
P.exalata,56.1
P.exalata,56.81
P.exalata,58.46
P.exalata,59.29
P.exalata,59.38
P.exalata,59.99
P.exalata,60.35
P.exalata,60.96
P.exalata,61.51
P.exalata,62.72
P.exalata,62.81
P.exalata,63.47
P.exalata,64.62
P.exalata,65.05
P.exalata,65.38
P.exalata,65.71
P.exalata,65.95
P.exalata,65.96
P.exalata,66.55
P.exalata,66.77
P.exalata,68.14
P.exalata,68.59
P.exalata,68.99
P.exalata,69.7
P.exalata,69.92
P.exalata,70
P.exalata,70.48
P.exalata,70.96
P.exalata,71.31
P.exalata,72.24
P.exalata,73.17
P.exalata,73.69
P.exalata,73.93
P.exalata,74.49
P.exalata,74.55
P.exalata,74.6
P.exalata,74.9
P.exalata,75.36
P.exalata,76.63
P.exalata,77.2
P.exalata,78.29
P.exalata,79.24
P.exalata,79.7
P.exalata,79.93
P.exalata,80.83
P.exalata,81.95
P.exalata,82.39
P.exalata,82.83
P.exalata,83.08
P.exalata,86.22
P.exalata,86.84
P.exalata,87.02
P.exalata,87.69
P.exalata,87.72
P.exalata,87.77
P.exalata,87.86
P.exalata,89.07
P.exalata,89.24
P.exalata,92.88
P.exalata,93.28
P.exalata,96.37
P.exalata,96.38
P.exalata,96.65
P.exalata,97.06
P.exalata,97.59
P.exalata,98.38
P.exalata,102.3
P.exalata,103.31
P.exalata,103.99
P.exalata,104
P.exalata,105
P.exalata,105.22
P.exalata,105.22
P.exalata,105.42
P.exalata,106.93
P.exalata,108.56
P.exalata,108.78
P.exalata,109.86
P.exalata,110.14
P.exalata,110.42
P.exalata,110.44
P.exalata,111.44
P.exalata,112.14
P.exalata,112.17
P.exalata,113.5
P.exalata,114.09
P.exalata,114.3
P.exalata,115.88
P.exalata,116.57
P.exalata,117.55
P.exalata,118.35
P.exalata,120.39
P.exalata,120.7
P.exalata,120.89
P.exalata,125.07
P.exalata,125.63
P.exalata,126.16
P.exalata,126.47
P.exalata,127.25
P.exalata,128.07
P.exalata,128.91
P.exalata,129.71
P.exalata,130.08
P.exalata,130.49
P.exalata,130.83
P.exalata,131.27
P.exalata,131.54
P.exalata,132.54
P.exalata,133.17
P.exalata,133.9
P.exalata,135.62
P.exalata,136.11
P.exalata,136.92
P.exalata,137.22
P.exalata,139.56
P.exalata,141.59
P.exalata,141.87
P.exalata,142.82
P.exalata,142.92
P.exalata,143.19
P.exalata,145.49
P.exalata,149.59
P.exalata,150.78
P.exalata,154.21
P.exalata,155.85
P.exalata,155.99
P.exalata,163.66
P.exalata,166.5
P.exalata,194.7
P.exalata,293.85
P.fibrigera,24.46
P.fibrigera,25.23
P.fibrigera,29.84
P.fibrigera,34.75
P.fibrigera,36.14
P.fibrigera,37.08
P.fibrigera,37.3
P.fibrigera,37.68
P.fibrigera,37.74
P.fibrigera,38.11
P.fibrigera,38.33
P.fibrigera,39.01
P.fibrigera,39.01
P.fibrigera,39.89
P.fibrigera,40.25
P.fibrigera,40.4
P.fibrigera,41.6
P.fibrigera,41.64
P.fibrigera,42.8
P.fibrigera,42.8
P.fibrigera,42.8
P.fibrigera,42.95
P.fibrigera,42.95
P.fibrigera,43.08
P.fibrigera,43.51
P.fibrigera,43.7
P.fibrigera,44.85
P.fibrigera,45.71
P.fibrigera,45.71
P.fibrigera,46.11
P.fibrigera,46.15
P.fibrigera,47.29
P.fibrigera,47.29
P.fibrigera,48.65
P.fibrigera,48.82
P.fibrigera,48.82
P.fibrigera,48.86
P.fibrigera,49.15
P.fibrigera,49.32
P.fibrigera,49.32
P.fibrigera,49.32
P.fibrigera,49.32
P.fibrigera,49.89
P.fibrigera,49.97
P.fibrigera,50.62
P.fibrigera,50.86
P.fibrigera,51.1
P.fibrigera,51.1
P.fibrigera,51.1
P.fibrigera,51.42
P.fibrigera,51.5
P.fibrigera,51.78
P.fibrigera,52.68
P.fibrigera,53.54
P.fibrigera,54.95
P.fibrigera,55.41
P.fibrigera,55.47
P.fibrigera,57.42
P.fibrigera,57.85
P.fibrigera,57.85
P.fibrigera,58.27
P.fibrigera,58.67
P.fibrigera,59
P.fibrigera,59.41
P.fibrigera,59.69
P.fibrigera,60.06
P.fibrigera,60.06
P.fibrigera,60.77
P.fibrigera,61.14
P.fibrigera,61.67
P.fibrigera,61.67
P.fibrigera,61.84
P.fibrigera,62.15
P.fibrigera,62.72
P.fibrigera,62.72
P.fibrigera,62.77
P.fibrigera,63.88
P.fibrigera,63.88
P.fibrigera,63.88
P.fibrigera,64.39
P.fibrigera,64.55
P.fibrigera,64.7
P.fibrigera,65.77
P.fibrigera,66.17
P.fibrigera,66.26
P.fibrigera,66.88
P.fibrigera,67.24
P.fibrigera,67.24
P.fibrigera,67.24
P.fibrigera,67.73
P.fibrigera,67.76
P.fibrigera,68.68
P.fibrigera,68.68
P.fibrigera,68.8
P.fibrigera,70.18
P.fibrigera,70.56
P.fibrigera,70.65
P.fibrigera,71.39
P.fibrigera,71.6
P.fibrigera,72.27
P.fibrigera,72.53
P.fibrigera,72.83
P.fibrigera,73.23
P.fibrigera,73.66
P.fibrigera,73.94
P.fibrigera,74.17
P.fibrigera,74.17
P.fibrigera,74.28
P.fibrigera,74.5
P.fibrigera,75.07
P.fibrigera,75.15
P.fibrigera,75.93
P.fibrigera,76.23
P.fibrigera,77.55
P.fibrigera,77.61
P.fibrigera,77.71
P.fibrigera,77.71
P.fibrigera,77.71
P.fibrigera,78.78
P.fibrigera,80.5
P.fibrigera,80.74
P.fibrigera,80.76
P.fibrigera,80.8
P.fibrigera,81.81
P.fibrigera,82.27
P.fibrigera,82.53
P.fibrigera,83.29
P.fibrigera,83.29
P.fibrigera,84.19
P.fibrigera,84.49
P.fibrigera,84.8
P.fibrigera,84.94
P.fibrigera,85.25
P.fibrigera,85.61
P.fibrigera,85.7
P.fibrigera,85.75
P.fibrigera,85.82
P.fibrigera,86.3
P.fibrigera,86.37
P.fibrigera,86.75
P.fibrigera,86.78
P.fibrigera,87.11
P.fibrigera,87.21
P.fibrigera,87.25
P.fibrigera,87.4
P.fibrigera,87.7
P.fibrigera,87.79
P.fibrigera,88.7
P.fibrigera,89.43
P.fibrigera,89.71
P.fibrigera,90.09
P.fibrigera,90.72
P.fibrigera,90.79
P.fibrigera,91.26
P.fibrigera,91.51
P.fibrigera,91.6
P.fibrigera,91.6
P.fibrigera,92
P.fibrigera,92.13
P.fibrigera,92.31
P.fibrigera,92.77
P.fibrigera,93.38
P.fibrigera,94.58
P.fibrigera,94.58
P.fibrigera,94.58
P.fibrigera,94.66
P.fibrigera,94.88
P.fibrigera,96.03
P.fibrigera,96.03
P.fibrigera,96.31
P.fibrigera,96.37
P.fibrigera,96.56
P.fibrigera,97.13
P.fibrigera,97.65
P.fibrigera,97.8
P.fibrigera,98.63
P.fibrigera,98.65
P.fibrigera,98.82
P.fibrigera,99.07
P.fibrigera,99.37
P.fibrigera,99.78
P.fibrigera,99.95
P.fibrigera,99.95
P.fibrigera,100.35
P.fibrigera,100.35
P.fibrigera,100.96
P.fibrigera,101
P.fibrigera,101
P.fibrigera,101.97
P.fibrigera,102.56
P.fibrigera,102.85
P.fibrigera,103.42
P.fibrigera,103.56
P.fibrigera,103.58
P.fibrigera,103.89
P.fibrigera,104.26
P.fibrigera,104.28
P.fibrigera,104.87
P.fibrigera,105.73
P.fibrigera,105.74
P.fibrigera,105.99
P.fibrigera,106.05
P.fibrigera,106.21
P.fibrigera,106.45
P.fibrigera,106.74
P.fibrigera,107.35
P.fibrigera,107.58
P.fibrigera,107.69
P.fibrigera,107.8
P.fibrigera,107.99
P.fibrigera,108.38
P.fibrigera,108.78
P.fibrigera,108.78
P.fibrigera,108.78
P.fibrigera,108.85
P.fibrigera,109.68
P.fibrigera,109.75
P.fibrigera,109.9
P.fibrigera,109.9
P.fibrigera,110.27
P.fibrigera,110.35
P.fibrigera,110.51
P.fibrigera,112.04
P.fibrigera,112.25
P.fibrigera,112.33
P.fibrigera,113.3
P.fibrigera,113.93
P.fibrigera,114.34
P.fibrigera,114.98
P.fibrigera,114.98
P.fibrigera,115.69
P.fibrigera,116.54
P.fibrigera,116.61
P.fibrigera,118
P.fibrigera,118
P.fibrigera,119.25
P.fibrigera,119.3
P.fibrigera,119.46
P.fibrigera,121.02
P.fibrigera,121.2
P.fibrigera,121.2
P.fibrigera,122.89
P.fibrigera,123.07
P.fibrigera,123.07
P.fibrigera,123.6
P.fibrigera,123.67
P.fibrigera,125.59
P.fibrigera,127.2
P.fibrigera,127.2
P.fibrigera,127.57
P.fibrigera,127.57
P.fibrigera,129.35
P.fibrigera,129.35
P.fibrigera,130.1
P.fibrigera,130.29
P.fibrigera,130.99
P.fibrigera,131.18
P.fibrigera,131.91
P.fibrigera,133.26
P.fibrigera,133.74
P.fibrigera,133.92
P.fibrigera,134.3
P.fibrigera,135.51
P.fibrigera,135.51
P.fibrigera,135.81
P.fibrigera,136.43
P.fibrigera,137.9
P.fibrigera,138.19
P.fibrigera,139.31
P.fibrigera,139.44
P.fibrigera,140.71
P.fibrigera,141.14
P.fibrigera,142.1
P.fibrigera,142.32
P.fibrigera,143.3
P.fibrigera,143.47
P.fibrigera,146.4
P.fibrigera,147.06
P.fibrigera,147.8
P.fibrigera,152.3
P.fibrigera,152.42
P.fibrigera,152.46
P.fibrigera,152.94
P.fibrigera,153.96
P.fibrigera,154.85
P.fibrigera,155.43
P.fibrigera,155.48
P.fibrigera,155.48
P.fibrigera,157.15
P.fibrigera,157.77
P.fibrigera,158.35
P.fibrigera,158.39
P.fibrigera,162.17
P.fibrigera,162.26
P.fibrigera,163.61
P.fibrigera,163.67
P.fibrigera,164.85
P.fibrigera,167.41
P.fibrigera,171.65
P.fibrigera,171.79
P.fibrigera,173.77
P.fibrigera,174.9
P.fibrigera,175.41
P.fibrigera,177.49
P.fibrigera,177.91
P.fibrigera,178.42
P.fibrigera,178.91
P.fibrigera,179.41
P.fibrigera,180.54
P.fibrigera,180.6
P.fibrigera,181.41
P.fibrigera,182.57
P.fibrigera,188.33
P.fibrigera,188.46
P.fibrigera,189.81
P.fibrigera,192.07
P.fibrigera,193.43
P.fibrigera,195.81
P.fibrigera,197.44
P.fibrigera,198.34
P.fibrigera,199.41
P.fibrigera,199.57
P.fibrigera,200.59
P.fibrigera,202.89
P.fibrigera,213.32
P.fibrigera,218.69
P.fibrigera,219.69
P.fibrigera,221.47
P.fibrigera,221.47
P.fibrigera,225.38
P.fibrigera,225.45
P.fibrigera,227.54
P.fibrigera,233.14
P.fibrigera,237.13
P.fibrigera,244.29
P.fibrigera,247.27
P.fibrigera,249.87
P.fibrigera,256.95
P.fibrigera,260.58
P.fibrigera,270.85
P.fibrigera,272.77
P.fibrigera,274.33
P.fimbriata,37.04
P.fimbriata,37.37
P.fimbriata,38.52
P.fimbriata,38.99
P.fimbriata,39.76
P.fimbriata,40.1
P.fimbriata,40.23
P.fimbriata,40.54
P.fimbriata,40.54
P.fimbriata,40.89
P.fimbriata,41.26
P.fimbriata,41.98
P.fimbriata,41.98
P.fimbriata,42.08
P.fimbriata,42.1
P.fimbriata,42.57
P.fimbriata,43
P.fimbriata,43
P.fimbriata,43.26
P.fimbriata,43.26
P.fimbriata,43.8
P.fimbriata,44.05
P.fimbriata,44.05
P.fimbriata,44.05
P.fimbriata,44.05
P.fimbriata,44.16
P.fimbriata,44.46
P.fimbriata,45.87
P.fimbriata,46.22
P.fimbriata,46.22
P.fimbriata,47.29
P.fimbriata,47.64
P.fimbriata,48.56
P.fimbriata,48.59
P.fimbriata,49.32
P.fimbriata,50.06
P.fimbriata,50.07
P.fimbriata,50.16
P.fimbriata,50.39
P.fimbriata,50.78
P.fimbriata,51.12
P.fimbriata,51.63
P.fimbriata,51.69
P.fimbriata,52.08
P.fimbriata,52.38
P.fimbriata,52.77
P.fimbriata,52.85
P.fimbriata,53.13
P.fimbriata,53.17
P.fimbriata,53.42
P.fimbriata,54.72
P.fimbriata,54.76
P.fimbriata,54.76
P.fimbriata,55.06
P.fimbriata,56.41
P.fimbriata,56.89
P.fimbriata,56.89
P.fimbriata,57.01
P.fimbriata,57.06
P.fimbriata,57.1
P.fimbriata,57.14
P.fimbriata,57.33
P.fimbriata,57.84
P.fimbriata,58.12
P.fimbriata,58.12
P.fimbriata,58.31
P.fimbriata,58.35
P.fimbriata,58.75
P.fimbriata,58.75
P.fimbriata,60.81
P.fimbriata,61.11
P.fimbriata,61.11
P.fimbriata,61.22
P.fimbriata,61.41
P.fimbriata,61.63
P.fimbriata,61.93
P.fimbriata,62.4
P.fimbriata,62.54
P.fimbriata,62.59
P.fimbriata,62.85
P.fimbriata,62.87
P.fimbriata,63.46
P.fimbriata,63.52
P.fimbriata,64.09
P.fimbriata,64.13
P.fimbriata,64.27
P.fimbriata,64.74
P.fimbriata,65.03
P.fimbriata,65.22
P.fimbriata,65.3
P.fimbriata,65.51
P.fimbriata,65.51
P.fimbriata,65.82
P.fimbriata,65.82
P.fimbriata,66.27
P.fimbriata,66.27
P.fimbriata,66.33
P.fimbriata,66.65
P.fimbriata,67.09
P.fimbriata,67.09
P.fimbriata,67.31
P.fimbriata,68.27
P.fimbriata,71.02
P.fimbriata,71.26
P.fimbriata,71.82
P.fimbriata,72.92
P.fimbriata,73.02
P.fimbriata,73.58
P.fimbriata,73.58
P.fimbriata,74.62
P.fimbriata,74.66
P.fimbriata,75.09
P.fimbriata,75.54
P.fimbriata,76.03
P.fimbriata,76.06
P.fimbriata,76.21
P.fimbriata,76.59
P.fimbriata,76.59
P.fimbriata,77.03
P.fimbriata,77.03
P.fimbriata,77.77
P.fimbriata,78.35
P.fimbriata,79.6
P.fimbriata,79.75
P.fimbriata,80
P.fimbriata,80.42
P.fimbriata,80.62
P.fimbriata,80.88
P.fimbriata,81.21
P.fimbriata,81.42
P.fimbriata,82.19
P.fimbriata,83.58
P.fimbriata,83.69
P.fimbriata,83.74
P.fimbriata,83.76
P.fimbriata,83.79
P.fimbriata,83.88
P.fimbriata,84.2
P.fimbriata,84.52
P.fimbriata,84.52
P.fimbriata,84.82
P.fimbriata,85.08
P.fimbriata,85.57
P.fimbriata,86.12
P.fimbriata,86.48
P.fimbriata,86.52
P.fimbriata,86.55
P.fimbriata,86.76
P.fimbriata,87.52
P.fimbriata,87.99
P.fimbriata,88.12
P.fimbriata,88.35
P.fimbriata,88.77
P.fimbriata,88.86
P.fimbriata,89.48
P.fimbriata,89.68
P.fimbriata,91.1
P.fimbriata,91.1
P.fimbriata,91.55
P.fimbriata,92.3
P.fimbriata,92.56
P.fimbriata,92.69
P.fimbriata,92.76
P.fimbriata,92.91
P.fimbriata,93.99
P.fimbriata,94.16
P.fimbriata,94.22
P.fimbriata,94.45
P.fimbriata,94.57
P.fimbriata,94.63
P.fimbriata,94.69
P.fimbriata,95.19
P.fimbriata,95.67
P.fimbriata,96.8
P.fimbriata,96.88
P.fimbriata,97.16
P.fimbriata,97.21
P.fimbriata,97.44
P.fimbriata,97.63
P.fimbriata,98.2
P.fimbriata,98.31
P.fimbriata,99.19
P.fimbriata,99.19
P.fimbriata,99.6
P.fimbriata,100.03
P.fimbriata,100.44
P.fimbriata,100.63
P.fimbriata,100.81
P.fimbriata,101.32
P.fimbriata,101.34
P.fimbriata,101.35
P.fimbriata,102.13
P.fimbriata,102.13
P.fimbriata,102.13
P.fimbriata,102.4
P.fimbriata,103.11
P.fimbriata,103.37
P.fimbriata,103.8
P.fimbriata,103.83
P.fimbriata,103.97
P.fimbriata,104.19
P.fimbriata,104.78
P.fimbriata,104.78
P.fimbriata,104.98
P.fimbriata,105.78
P.fimbriata,106.07
P.fimbriata,107.36
P.fimbriata,107.53
P.fimbriata,107.87
P.fimbriata,108.94
P.fimbriata,108.94
P.fimbriata,109.82
P.fimbriata,110.29
P.fimbriata,112.45
P.fimbriata,112.57
P.fimbriata,114.28
P.fimbriata,115.17
P.fimbriata,115.2
P.fimbriata,115.59
P.fimbriata,115.63
P.fimbriata,115.86
P.fimbriata,116.41
P.fimbriata,116.57
P.fimbriata,116.59
P.fimbriata,116.61
P.fimbriata,116.81
P.fimbriata,116.81
P.fimbriata,117.04
P.fimbriata,117.08
P.fimbriata,117.14
P.fimbriata,117.28
P.fimbriata,117.53
P.fimbriata,118.72
P.fimbriata,118.74
P.fimbriata,118.88
P.fimbriata,118.88
P.fimbriata,119.13
P.fimbriata,119.18
P.fimbriata,121.05
P.fimbriata,122.08
P.fimbriata,122.14
P.fimbriata,122.3
P.fimbriata,123.03
P.fimbriata,123.44
P.fimbriata,124.03
P.fimbriata,124.23
P.fimbriata,125.06
P.fimbriata,125.13
P.fimbriata,126
P.fimbriata,126.27
P.fimbriata,126.56
P.fimbriata,128.63
P.fimbriata,131.02
P.fimbriata,132.98
P.fimbriata,134.47
P.fimbriata,134.79
P.fimbriata,138.74
P.fimbriata,140.93
P.fimbriata,144.21
P.fimbriata,145.06
P.fimbriata,146.56
P.fimbriata,148.98
P.fimbriata,155.34
P.fimbriata,165.19
P.latifolia,67.26
P.latifolia,68.46
P.latifolia,69.21
P.latifolia,72.76
P.latifolia,73.52
P.latifolia,74.17
P.latifolia,74.54
P.latifolia,74.88
P.latifolia,75.46
P.latifolia,76.27
P.latifolia,77.43
P.latifolia,80.99
P.latifolia,82.43
P.latifolia,86.48
P.latifolia,88.16
P.latifolia,90.37
P.latifolia,100.55
P.latifolia,100.9
P.latifolia,107.43
P.latifolia,128.22
P.latifolia,132.13
P.latifolia,135.36
P.latifolia,145.72
P.latifolia,149.71
P.latifolia,157.12
P.latifolia,158.45
P.latifolia,159.32
P.latifolia,161.93
P.latifolia,163.59
P.latifolia,171.21
P.latifolia,175.92
P.latifolia,191.52
P.latifolia,197.65
P.latifolia,199.34
P.latifolia,204.98
P.latifolia,207.79
P.latifolia,208.01
P.latifolia,208.23
P.latifolia,208.35
P.latifolia,208.58
P.latifolia,209.19
P.latifolia,211.52
P.latifolia,213.96
P.latifolia,214.57
P.latifolia,219.77
P.latifolia,222.5
P.latifolia,224.79
P.latifolia,225.82
P.latifolia,227.53
P.latifolia,230.98
P.latifolia,233.72
P.latifolia,237.55
P.latifolia,243.55
P.latifolia,253.99
P.latifolia,254.5
P.latifolia,265.38
P.latifolia,269.58
P.latifolia,292.24
P.latifolia,294.35
P.micrantha,62.51
P.micrantha,62.7
P.micrantha,62.7
P.micrantha,62.96
P.micrantha,66.25
P.micrantha,68.85
P.micrantha,69.25
P.micrantha,69.35
P.micrantha,71
P.micrantha,73.12
P.micrantha,73.15
P.micrantha,75.39
P.micrantha,82.17
P.micrantha,83.76
P.micrantha,86.13
P.micrantha,87.09
P.micrantha,90.55
P.micrantha,90.65
P.micrantha,91.24
P.micrantha,91.87
P.micrantha,92.37
P.micrantha,92.77
P.micrantha,93.94
P.micrantha,100.41
P.micrantha,100.8
P.micrantha,101.08
P.micrantha,108.68
P.micrantha,109.76
P.micrantha,121.2
P.micrantha,123.26
P.micrantha,124.73
P.micrantha,124.75
P.micrantha,127.39
P.micrantha,130.83
P.micrantha,131.25
P.micrantha,135.91
P.micrantha,137.9
P.micrantha,139.85
P.micrantha,140.38
P.micrantha,144.23
P.micrantha,146.25
P.micrantha,146.38
P.micrantha,146.49
P.micrantha,146.63
P.micrantha,147.65
P.micrantha,152.32
P.micrantha,152.75
P.micrantha,152.82
P.micrantha,152.82
P.micrantha,152.82
P.micrantha,152.93
P.micrantha,153.79
P.micrantha,154.85
P.micrantha,154.9
P.micrantha,154.9
P.micrantha,156.81
P.micrantha,158.18
P.micrantha,159.5
P.micrantha,160.07
P.micrantha,163.79
P.micrantha,164.85
P.micrantha,166.65
P.micrantha,167.59
P.micrantha,170.15
P.micrantha,172.04
P.micrantha,172.1
P.micrantha,174.41
P.micrantha,176.55
P.micrantha,178.55
P.micrantha,178.7
P.micrantha,179.79
P.micrantha,179.79
P.micrantha,180.7
P.micrantha,182.91
P.micrantha,185
P.micrantha,187.05
P.micrantha,187.15
P.micrantha,189.25
P.micrantha,189.84
P.micrantha,192.17
P.micrantha,192.17
P.micrantha,194.13
P.micrantha,197.69
P.micrantha,198.04
P.micrantha,198.14
P.micrantha,199.4
P.micrantha,199.81
P.micrantha,200.88
P.micrantha,201.94
P.micrantha,202.02
P.micrantha,204.38
P.micrantha,208.78
P.micrantha,211.42
P.micrantha,213.77
P.micrantha,215.92
P.micrantha,217.37
P.micrantha,217.72
P.micrantha,218.06
P.micrantha,219
P.micrantha,220.2
P.micrantha,222.76
P.micrantha,224.03
P.micrantha,228.12
P.micrantha,232.07
P.micrantha,232.35
P.micrantha,234.89
P.micrantha,236.07
P.micrantha,236.33
P.micrantha,236.8
P.micrantha,238.47
P.micrantha,238.72
P.micrantha,240.1
P.micrantha,245.17
P.micrantha,246.79
P.micrantha,247.57
P.micrantha,250.95
P.micrantha,252.93
P.micrantha,253.67
P.micrantha,253.99
P.micrantha,258.06
P.micrantha,259.15
P.micrantha,259.35
P.micrantha,260.29
P.micrantha,264.52
P.micrantha,264.94
P.micrantha,265.49
P.micrantha,265.77
P.micrantha,265.99
P.micrantha,269.24
P.micrantha,270.98
P.micrantha,275.48
P.obovata,40.07
P.obovata,40.07
P.obovata,40.16
P.obovata,40.2
P.obovata,40.4
P.obovata,40.54
P.obovata,40.61
P.obovata,40.66
P.obovata,40.76
P.obovata,40.92
P.obovata,41.03
P.obovata,41.08
P.obovata,41.16
P.obovata,41.17
P.obovata,41.23
P.obovata,41.53
P.obovata,41.55
P.obovata,41.63
P.obovata,41.73
P.obovata,41.83
P.obovata,41.89
P.obovata,42.1
P.obovata,42.26
P.obovata,42.29
P.obovata,42.32
P.obovata,42.47
P.obovata,42.65
P.obovata,42.88
P.obovata,42.9
P.obovata,42.9
P.obovata,42.94
P.obovata,42.97
P.obovata,43.05
P.obovata,43.08
P.obovata,43.1
P.obovata,43.1
P.obovata,43.19
P.obovata,43.21
P.obovata,43.21
P.obovata,43.23
P.obovata,43.3
P.obovata,43.34
P.obovata,43.34
P.obovata,43.34
P.obovata,43.56
P.obovata,43.57
P.obovata,43.65
P.obovata,43.69
P.obovata,43.69
P.obovata,43.71
P.obovata,43.73
P.obovata,43.82
P.obovata,43.83
P.obovata,43.83
P.obovata,43.84
P.obovata,44.02
P.obovata,44.09
P.obovata,44.13
P.obovata,44.17
P.obovata,44.18
P.obovata,44.18
P.obovata,44.2
P.obovata,44.43
P.obovata,44.71
P.obovata,44.74
P.obovata,44.75
P.obovata,44.86
P.obovata,44.88
P.obovata,44.95
P.obovata,45.04
P.obovata,45.19
P.obovata,45.22
P.obovata,45.48
P.obovata,45.59
P.obovata,45.62
P.obovata,45.63
P.obovata,45.7
P.obovata,45.74
P.obovata,45.75
P.obovata,45.78
P.obovata,46.07
P.obovata,46.14
P.obovata,46.24
P.obovata,46.27
P.obovata,46.45
P.obovata,46.47
P.obovata,46.56
P.obovata,46.59
P.obovata,46.59
P.obovata,46.8
P.obovata,46.83
P.obovata,46.83
P.obovata,47.26
P.obovata,47.3
P.obovata,47.34
P.obovata,47.64
P.obovata,47.69
P.obovata,47.86
P.obovata,48.01
P.obovata,48.24
P.obovata,48.26
P.obovata,48.46
P.obovata,48.52
P.obovata,48.66
P.obovata,48.73
P.obovata,48.78
P.obovata,48.78
P.obovata,48.92
P.obovata,48.93
P.obovata,48.97
P.obovata,48.97
P.obovata,49.07
P.obovata,49.3
P.obovata,49.61
P.obovata,49.62
P.obovata,49.77
P.obovata,49.83
P.obovata,49.97
P.obovata,49.97
P.obovata,50.21
P.obovata,50.21
P.obovata,50.27
P.obovata,50.42
P.obovata,50.42
P.obovata,50.52
P.obovata,50.52
P.obovata,50.76
P.obovata,50.78
P.obovata,50.88
P.obovata,50.88
P.obovata,50.97
P.obovata,51.01
P.obovata,51.06
P.obovata,51.07
P.obovata,51.19
P.obovata,51.43
P.obovata,51.53
P.obovata,51.53
P.obovata,51.55
P.obovata,51.58
P.obovata,51.77
P.obovata,51.87
P.obovata,51.99
P.obovata,52.01
P.obovata,52.06
P.obovata,52.08
P.obovata,52.16
P.obovata,52.18
P.obovata,52.18
P.obovata,52.67
P.obovata,52.82
P.obovata,52.82
P.obovata,53.12
P.obovata,53.12
P.obovata,53.14
P.obovata,53.36
P.obovata,53.5
P.obovata,53.51
P.obovata,53.67
P.obovata,53.8
P.obovata,53.9
P.obovata,54.11
P.obovata,54.25
P.obovata,54.45
P.obovata,54.45
P.obovata,54.53
P.obovata,54.57
P.obovata,54.68
P.obovata,54.93
P.obovata,55.02
P.obovata,55.1
P.obovata,55.29
P.obovata,55.31
P.obovata,55.34
P.obovata,55.34
P.obovata,55.37
P.obovata,55.67
P.obovata,55.71
P.obovata,55.77
P.obovata,55.99
P.obovata,56
P.obovata,56.33
P.obovata,56.37
P.obovata,56.49
P.obovata,56.49
P.obovata,56.53
P.obovata,56.54
P.obovata,56.56
P.obovata,56.76
P.obovata,56.78
P.obovata,57
P.obovata,57.09
P.obovata,57.12
P.obovata,57.18
P.obovata,57.25
P.obovata,57.38
P.obovata,57.45
P.obovata,57.45
P.obovata,57.63
P.obovata,57.94
P.obovata,58.04
P.obovata,58.17
P.obovata,58.17
P.obovata,58.25
P.obovata,58.31
P.obovata,58.38
P.obovata,58.48
P.obovata,58.6
P.obovata,58.74
P.obovata,58.75
P.obovata,58.76
P.obovata,58.77
P.obovata,58.95
P.obovata,59.02
P.obovata,59.04
P.obovata,59.1
P.obovata,59.23
P.obovata,59.27
P.obovata,59.54
P.obovata,59.56
P.obovata,59.64
P.obovata,59.73
P.obovata,59.9
P.obovata,59.92
P.obovata,59.93
P.obovata,60.01
P.obovata,60.06
P.obovata,60.1
P.obovata,60.26
P.obovata,60.53
P.obovata,60.53
P.obovata,60.54
P.obovata,60.73
P.obovata,60.76
P.obovata,60.79
P.obovata,61.1
P.obovata,61.11
P.obovata,61.33
P.obovata,61.68
P.obovata,61.8
P.obovata,61.98
P.obovata,62.03
P.obovata,62.06
P.obovata,62.22
P.obovata,62.48
P.obovata,62.64
P.obovata,62.65
P.obovata,62.71
P.obovata,62.72
P.obovata,62.82
P.obovata,63.19
P.obovata,63.74
P.obovata,63.89
P.obovata,64.26
P.obovata,64.28
P.obovata,64.5
P.obovata,64.6
P.obovata,64.6
P.obovata,64.77
P.obovata,64.78
P.obovata,64.94
P.obovata,65.51
P.obovata,65.77
P.obovata,65.77
P.obovata,65.83
P.obovata,66.22
P.obovata,66.36
P.obovata,66.56
P.obovata,66.7
P.obovata,66.78
P.obovata,66.86
P.obovata,66.89
P.obovata,66.97
P.obovata,67.27
P.obovata,67.29
P.obovata,67.68
P.obovata,67.95
P.obovata,68.02
P.obovata,68.26
P.obovata,68.31
P.obovata,68.32
P.obovata,68.44
P.obovata,68.48
P.obovata,68.62
P.obovata,69.01
P.obovata,69.02
P.obovata,69.52
P.obovata,69.52
P.obovata,70.07
P.obovata,70.12
P.obovata,70.12
P.obovata,70.51
P.obovata,70.77
P.obovata,70.86
P.obovata,71.03
P.obovata,71.12
P.obovata,71.24
P.obovata,71.3
P.obovata,71.45
P.obovata,71.53
P.obovata,71.54
P.obovata,71.61
P.obovata,71.72
P.obovata,71.79
P.obovata,71.82
P.obovata,72.25
P.obovata,72.46
P.obovata,72.46
P.obovata,73.03
P.obovata,73.49
P.obovata,73.57
P.obovata,74.19
P.obovata,74.47
P.obovata,74.92
P.obovata,75.02
P.obovata,75.43
P.obovata,75.71
P.obovata,75.86
P.obovata,75.97
P.obovata,76.21
P.obovata,76.57
P.obovata,76.68
P.obovata,76.78
P.obovata,76.8
P.obovata,76.88
P.obovata,76.95
P.obovata,77.04
P.obovata,77.39
P.obovata,77.46
P.obovata,77.47
P.obovata,77.51
P.obovata,78.18
P.obovata,78.29
P.obovata,78.52
P.obovata,78.63
P.obovata,78.63
P.obovata,79.01
P.obovata,79.02
P.obovata,79.36
P.obovata,79.39
P.obovata,79.76
P.obovata,79.87
P.obovata,80.25
P.obovata,80.27
P.obovata,80.45
P.obovata,80.59
P.obovata,80.65
P.obovata,80.68
P.obovata,80.75
P.obovata,81.24
P.obovata,81.38
P.obovata,81.64
P.obovata,81.82
P.obovata,81.92
P.obovata,81.98
P.obovata,82.07
P.obovata,82.1
P.obovata,82.27
P.obovata,82.97
P.obovata,83.16
P.obovata,83.48
P.obovata,83.93
P.obovata,84.33
P.obovata,84.85
P.obovata,84.88
P.obovata,85.94
P.obovata,86.07
P.obovata,86.23
P.obovata,86.29
P.obovata,86.43
P.obovata,86.82
P.obovata,86.86
P.obovata,86.92
P.obovata,87.03
P.obovata,87.52
P.obovata,87.63
P.obovata,88.12
P.obovata,88.34
P.obovata,88.46
P.obovata,88.65
P.obovata,88.97
P.obovata,89.61
P.obovata,90.63
P.obovata,90.66
P.obovata,90.92
P.obovata,91.69
P.obovata,92.04
P.obovata,92.07
P.obovata,92.28
P.obovata,93.29
P.obovata,93.32
P.obovata,95.29
P.obovata,98.1
P.obovata,100.08
P.obovata,100.84
P.obovata,102.07
P.obovata,104.63
P.obovata,105.32
P.obovata,105.75
P.obovata,107.63
P.obovata,109.44
P.obovata,110.33
P.obovata,161.03
P.obovata,19.016
P.obovata,19.121
P.obovata,19.121
P.obovata,19.121
P.obovata,19.146
P.obovata,19.146
P.obovata,19.186
P.obovata,19.186
P.obovata,19.186
P.obovata,19.218
P.obovata,19.283
P.obovata,19.379
P.obovata,19.379
P.obovata,19.411
P.obovata,19.434
P.obovata,19.434
P.obovata,19.474
P.obovata,19.474
P.obovata,19.546
P.obovata,19.546
P.obovata,19.601
P.obovata,19.664
P.obovata,19.672
P.obovata,19.672
P.obovata,19.688
P.obovata,19.719
P.obovata,19.735
P.obovata,19.735
P.obovata,19.758
P.obovata,19.758
P.obovata,19.86
P.obovata,19.922
P.obovata,20.062
P.obovata,20.254
P.obovata,20.375
P.obovata,20.406
P.obovata,20.459
P.obovata,20.519
P.obovata,20.519
P.obovata,20.519
P.obovata,20.527
P.obovata,20.527
P.obovata,20.587
P.obovata,20.655
P.obovata,20.655
P.obovata,20.677
P.obovata,20.707
P.obovata,20.774
P.obovata,20.774
P.obovata,20.856
P.obovata,20.856
P.obovata,20.908
P.obovata,20.915
P.obovata,20.945
P.obovata,20.974
P.obovata,21.033
P.obovata,21.033
P.obovata,21.063
P.obovata,21.187
P.obovata,21.209
P.obovata,21.26
P.obovata,21.297
P.obovata,21.326
P.obovata,21.405
P.obovata,21.413
P.obovata,21.478
P.obovata,21.492
P.obovata,21.607
P.obovata,21.643
P.obovata,21.643
P.obovata,21.65
P.obovata,21.671
P.obovata,21.671
P.obovata,21.7
P.obovata,21.728
P.obovata,21.764
P.obovata,21.821
P.obovata,21.863
P.obovata,21.927
P.obovata,21.927
P.obovata,22.012
P.obovata,22.047
P.obovata,22.152
P.obovata,22.159
P.obovata,22.159
P.obovata,22.173
P.obovata,22.173
P.obovata,22.235
P.obovata,22.256
P.obovata,22.27
P.obovata,22.27
P.obovata,22.319
P.obovata,22.347
P.obovata,22.429
P.obovata,22.457
P.obovata,22.512
P.obovata,22.512
P.obovata,22.533
P.obovata,22.595
P.obovata,22.595
P.obovata,22.649
P.obovata,22.656
P.obovata,22.656
P.obovata,22.711
P.obovata,22.874
P.obovata,22.874
P.obovata,22.874
P.obovata,22.921
P.obovata,22.941
P.obovata,23.002
P.obovata,23.083
P.obovata,23.143
P.obovata,23.143
P.obovata,23.156
P.obovata,23.236
P.obovata,23.243
P.obovata,23.243
P.obovata,23.243
P.obovata,23.296
P.obovata,23.481
P.obovata,23.534
P.obovata,23.639
P.obovata,23.639
P.obovata,23.77
P.obovata,23.77
P.obovata,23.9
P.obovata,23.9
P.obovata,23.932
P.obovata,23.951
P.obovata,24.08
P.obovata,24.087
P.obovata,24.106
P.obovata,24.24
P.obovata,24.26
P.obovata,24.291
P.obovata,24.304
P.obovata,24.336
P.obovata,24.336
P.obovata,24.387
P.obovata,24.406
P.obovata,24.406
P.obovata,24.431
P.obovata,24.507
P.obovata,24.539
P.obovata,24.564
P.obovata,24.564
P.obovata,24.595
P.obovata,24.708
P.obovata,24.708
P.obovata,24.815
P.obovata,24.84
P.obovata,24.84
P.obovata,24.846
P.obovata,24.883
P.obovata,24.883
P.obovata,24.883
P.obovata,24.914
P.obovata,24.939
P.obovata,25.007
P.obovata,25.007
P.obovata,25.038
P.obovata,25.162
P.obovata,25.192
P.obovata,25.235
P.obovata,25.382
P.obovata,25.4
P.obovata,25.528
P.obovata,25.534
P.obovata,25.534
P.obovata,25.649
P.obovata,25.776
P.obovata,25.889
P.obovata,25.955
P.obovata,25.955
P.obovata,25.967
P.obovata,26.193
P.obovata,26.193
P.obovata,26.246
P.obovata,26.263
P.obovata,26.299
P.obovata,26.299
P.obovata,26.316
P.obovata,26.316
P.obovata,26.363
P.obovata,26.387
P.obovata,26.393
P.obovata,26.393
P.obovata,26.451
P.obovata,26.451
P.obovata,26.451
P.obovata,26.504
P.obovata,26.574
P.obovata,26.644
P.obovata,26.644
P.obovata,26.667
P.obovata,26.713
P.obovata,26.719
P.obovata,26.754
P.obovata,26.754
P.obovata,26.765
P.obovata,26.765
P.obovata,26.8
P.obovata,26.858
P.obovata,26.915
P.obovata,26.921
P.obovata,26.921
P.obovata,26.938
P.obovata,26.99
P.obovata,26.99
P.obovata,27.013
P.obovata,27.173
P.obovata,27.287
P.obovata,27.287
P.obovata,27.315
P.obovata,27.315
P.obovata,27.315
P.obovata,27.372
P.obovata,27.4
P.obovata,27.49
P.obovata,27.529
P.obovata,27.631
P.obovata,27.675
P.obovata,27.87
P.obovata,27.942
P.obovata,27.942
P.obovata,27.959
P.obovata,27.959
P.obovata,28.003
P.obovata,28.07
P.obovata,28.086
P.obovata,28.092
P.obovata,28.152
P.obovata,28.207
P.obovata,28.426
P.obovata,28.61
P.obovata,28.61
P.obovata,28.718
P.obovata,28.815
P.obovata,28.858
P.obovata,28.933
P.obovata,28.933
P.obovata,29.019
P.obovata,29.019
P.obovata,29.019
P.obovata,29.029
P.obovata,29.045
P.obovata,29.284
P.obovata,29.363
P.obovata,29.384
P.obovata,29.448
P.obovata,29.495
P.obovata,29.495
P.obovata,29.621
P.obovata,29.621
P.obovata,29.662
P.obovata,29.678
P.obovata,29.787
P.obovata,29.787
P.obovata,29.824
P.obovata,29.886
P.obovata,29.963
P.obovata,29.963
P.obovata,30.092
P.obovata,30.113
P.obovata,30.118
P.obovata,30.118
P.obovata,30.236
P.obovata,30.272
P.obovata,30.272
P.obovata,30.44
P.obovata,30.481
P.obovata,30.481
P.obovata,30.501
P.obovata,30.643
P.obovata,30.648
P.obovata,30.648
P.obovata,30.663
P.obovata,30.724
P.obovata,30.729
P.obovata,30.729
P.obovata,30.779
P.obovata,30.779
P.obovata,30.919
P.obovata,30.939
P.obovata,30.999
P.obovata,31.009
P.obovata,31.049
P.obovata,31.049
P.obovata,31.049
P.obovata,31.129
P.obovata,31.203
P.obovata,31.208
P.obovata,31.208
P.obovata,31.416
P.obovata,31.475
P.obovata,31.671
P.obovata,31.681
P.obovata,31.72
P.obovata,31.793
P.obovata,31.852
P.obovata,31.929
P.obovata,31.968
P.obovata,31.968
P.obovata,32.2
P.obovata,32.3
P.obovata,32.348
P.obovata,32.377
P.obovata,32.377
P.obovata,32.41
P.obovata,32.444
P.obovata,32.658
P.obovata,32.734
P.obovata,32.748
P.obovata,32.748
P.obovata,32.757
P.obovata,32.757
P.obovata,32.847
P.obovata,32.847
P.obovata,32.941
P.obovata,32.941
P.obovata,32.946
P.obovata,32.955
P.obovata,32.997
P.obovata,33.054
P.obovata,33.072
P.obovata,33.086
P.obovata,33.17
P.obovata,33.198
P.obovata,33.198
P.obovata,33.389
P.obovata,33.459
P.obovata,33.477
P.obovata,33.611
P.obovata,33.74
P.obovata,33.758
P.obovata,33.799
P.obovata,33.996
P.obovata,34.046
P.obovata,34.281
P.obovata,34.412
P.obovata,34.412
P.obovata,34.412
P.obovata,34.488
P.obovata,34.515
P.obovata,34.551
P.obovata,34.623
P.obovata,34.699
P.obovata,34.703
P.obovata,34.703
P.obovata,34.716
P.obovata,34.765
P.obovata,34.925
P.obovata,35.018
P.obovata,35.089
P.obovata,35.089
P.obovata,35.089
P.obovata,35.137
P.obovata,35.335
P.obovata,35.366
P.obovata,35.388
P.obovata,35.41
P.obovata,35.444
P.obovata,35.492
P.obovata,35.506
P.obovata,35.597
P.obovata,35.68
P.obovata,35.688
P.obovata,35.805
P.obovata,35.805
P.obovata,35.835
P.obovata,35.896
P.obovata,35.96
P.obovata,36.081
P.obovata,36.166
P.obovata,36.166
P.obovata,36.205
P.obovata,36.273
P.obovata,36.286
P.obovata,36.32
P.obovata,36.32
P.obovata,36.333
P.obovata,36.609
P.obovata,36.613
P.obovata,36.706
P.obovata,36.706
P.obovata,36.744
P.obovata,36.857
P.obovata,36.895
P.obovata,36.95
P.obovata,36.992
P.obovata,37.017
P.obovata,37.063
P.obovata,37.063
P.obovata,37.129
P.obovata,37.192
P.obovata,37.325
P.obovata,37.346
P.obovata,37.379
P.obovata,37.383
P.obovata,37.383
P.obovata,37.408
P.obovata,37.478
P.obovata,37.482
P.obovata,37.482
P.obovata,37.581
P.obovata,37.626
P.obovata,37.787
P.obovata,38.084
P.obovata,38.166
P.obovata,38.17
P.obovata,38.263
P.obovata,38.263
P.obovata,38.36
P.obovata,38.372
P.obovata,38.461
P.obovata,38.537
P.obovata,38.537
P.obovata,38.581
P.obovata,38.589
P.obovata,38.825
P.obovata,38.825
P.obovata,38.857
P.obovata,39.47
P.obovata,39.599
P.obovata,39.614
P.obovata,39.696
P.obovata,39.755
P.obovata,39.79
P.obovata,39.821
P.obovata,39.821
P.obovata,39.844
P.pinnata,49.62
P.pinnata,53.5
P.pinnata,53.83
P.pinnata,54.25
P.pinnata,54.8
P.pinnata,56.42
P.pinnata,56.55
P.pinnata,58.06
P.pinnata,59.02
P.pinnata,59.02
P.pinnata,62.06
P.pinnata,63.16
P.pinnata,63.83
P.pinnata,66.67
P.pinnata,66.75
P.pinnata,67.77
P.pinnata,67.9
P.pinnata,68.34
P.pinnata,69.32
P.pinnata,71.94
P.pinnata,73.69
P.pinnata,77.16
P.pinnata,77.27
P.pinnata,77.41
P.pinnata,78.43
P.pinnata,78.7
P.pinnata,80.74
P.pinnata,80.85
P.pinnata,82.79
P.pinnata,86.65
P.pinnata,86.91
P.pinnata,89.3
P.pinnata,89.85
P.pinnata,94
P.pinnata,94.15
P.pinnata,98.78
P.pinnata,98.93
P.pinnata,103.99
P.pinnata,107.16
P.pinnata,107.65
P.pinnata,111.28
P.pinnata,114.29
P.pinnata,115.7
P.pinnata,115.95
P.pinnata,115.95
P.pinnata,116.37
P.pinnata,117.35
P.pinnata,118.89
P.pinnata,119.55
P.pinnata,122.54
P.pinnata,125.43
P.pinnata,126.37
P.pinnata,126.44
P.pinnata,130.9
P.pinnata,131.05
P.pinnata,134.56
P.pinnata,136.4
P.pinnata,136.69
P.pinnata,138.25
P.pinnata,138.95
P.pinnata,140.76
P.pinnata,143.26
P.pinnata,145.33
P.pinnata,147.97
P.pinnata,148.06
P.pinnata,148.54
P.pinnata,162.4
P.pinnata,164.78
P.pinnata,191.58
P.pinnata,197.57
P.pinnata,75.186
P.pseudota,32.13
P.pseudota,32.31
P.pseudota,32.33
P.pseudota,32.33
P.pseudota,32.54
P.pseudota,32.61
P.pseudota,32.83
P.pseudota,33.51
P.pseudota,34.68
P.pseudota,34.68
P.pseudota,35.27
P.pseudota,35.47
P.pseudota,35.53
P.pseudota,35.93
P.pseudota,36.05
P.pseudota,36.05
P.pseudota,36.62
P.pseudota,36.75
P.pseudota,38.77
P.pseudota,38.77
P.pseudota,39.06
P.pseudota,39.94
P.pseudota,40.86
P.pseudota,45.62
P.pseudota,49.51
P.pseudota,50.16
P.pseudota,50.62
P.pseudota,51.7
P.pseudota,51.79
P.pseudota,52.02
P.pseudota,53.94
P.pseudota,55.12
P.pseudota,56.82
P.pseudota,57.51
P.pseudota,57.7
P.pseudota,58.42
P.pseudota,59.05
P.pseudota,60.21
P.pseudota,60.83
P.pseudota,61.62
P.pseudota,66.25
P.pseudota,69.12
P.pseudota,71.86
P.pseudota,72.77
P.pseudota,72.99
P.pseudota,73.24
P.pseudota,74.15
P.pseudota,75.54
P.pseudota,75.64
P.pseudota,76
P.pseudota,76.28
P.pseudota,76.28
P.pseudota,77.72
P.pseudota,78.75
P.pseudota,78.94
P.pseudota,79.31
P.pseudota,80.62
P.pseudota,80.84
P.pseudota,81.07
P.pseudota,83.51
P.pseudota,83.51
P.pseudota,83.98
P.pseudota,84.56
P.pseudota,84.86
P.pseudota,84.86
P.pseudota,85.85
P.pseudota,86.05
P.pseudota,89.99
P.pseudota,91.44
P.pseudota,92.57
P.pseudota,93.37
P.pseudota,93.47
P.pseudota,94.33
P.pseudota,94.48
P.pseudota,94.65
P.pseudota,94.87
P.pseudota,95.48
P.pseudota,96.65
P.pseudota,97.37
P.pseudota,98.85
P.pseudota,99.18
P.pseudota,99.21
P.pseudota,99.7
P.pseudota,100.41
P.pseudota,100.78
P.pseudota,101.68
P.pseudota,101.99
P.pseudota,102.17
P.pseudota,102.6
P.pseudota,102.91
P.pseudota,103.76
P.pseudota,104.65
P.pseudota,104.66
P.pseudota,105.1
P.pseudota,105.1
P.pseudota,105.38
P.pseudota,105.46
P.pseudota,105.57
P.pseudota,105.72
P.pseudota,105.84
P.pseudota,105.9
P.pseudota,105.92
P.pseudota,106.16
P.pseudota,106.79
P.pseudota,106.97
P.pseudota,107.14
P.pseudota,107.61
P.pseudota,107.72
P.pseudota,107.87
P.pseudota,108.25
P.pseudota,108.63
P.pseudota,108.89
P.pseudota,109.38
P.pseudota,109.75
P.pseudota,110.71
P.pseudota,111.1
P.pseudota,111.36
P.pseudota,111.66
P.pseudota,112.61
P.pseudota,112.9
P.pseudota,113.55
P.pseudota,113.57
P.pseudota,113.98
P.pseudota,114.18
P.pseudota,114.71
P.pseudota,115.73
P.pseudota,115.8
P.pseudota,115.93
P.pseudota,116.13
P.pseudota,116.45
P.pseudota,116.86
P.pseudota,117.34
P.pseudota,117.57
P.pseudota,117.73
P.pseudota,117.78
P.pseudota,118.36
P.pseudota,118.96
P.pseudota,118.98
P.pseudota,118.98
P.pseudota,120.31
P.pseudota,120.61
P.pseudota,120.83
P.pseudota,121.06
P.pseudota,121.37
P.pseudota,121.68
P.pseudota,121.99
P.pseudota,122.57
P.pseudota,124.14
P.pseudota,124.6
P.pseudota,124.75
P.pseudota,124.75
P.pseudota,124.78
P.pseudota,124.78
P.pseudota,124.86
P.pseudota,124.98
P.pseudota,125.12
P.pseudota,125.25
P.pseudota,125.61
P.pseudota,125.62
P.pseudota,126.17
P.pseudota,126.3
P.pseudota,126.57
P.pseudota,126.57
P.pseudota,127.77
P.pseudota,127.86
P.pseudota,129.05
P.pseudota,129.05
P.pseudota,129.32
P.pseudota,129.35
P.pseudota,129.48
P.pseudota,129.64
P.pseudota,129.92
P.pseudota,130.42
P.pseudota,130.76
P.pseudota,130.78
P.pseudota,131.02
P.pseudota,131.06
P.pseudota,131.11
P.pseudota,133.3
P.pseudota,133.35
P.pseudota,133.4
P.pseudota,134.06
P.pseudota,134.13
P.pseudota,134.73
P.pseudota,135.5
P.pseudota,135.55
P.pseudota,135.55
P.pseudota,135.64
P.pseudota,136.21
P.pseudota,136.37
P.pseudota,136.38
P.pseudota,137.44
P.pseudota,137.65
P.pseudota,137.7
P.pseudota,138.36
P.pseudota,138.51
P.pseudota,138.59
P.pseudota,138.71
P.pseudota,139.39
P.pseudota,140.59
P.pseudota,141.43
P.pseudota,141.87
P.pseudota,142
P.pseudota,142.02
P.pseudota,142.41
P.pseudota,142.61
P.pseudota,143.1
P.pseudota,144.07
P.pseudota,144.15
P.pseudota,144.15
P.pseudota,144.49
P.pseudota,144.53
P.pseudota,144.83
P.pseudota,146.25
P.pseudota,147.24
P.pseudota,147.81
P.pseudota,149.02
P.pseudota,149.47
P.pseudota,150.48
P.pseudota,150.6
P.pseudota,152.82
P.pseudota,153.29
P.pseudota,153.31
P.pseudota,153.35
P.pseudota,153.88
P.pseudota,154.09
P.pseudota,155.63
P.pseudota,155.66
P.pseudota,156.04
P.pseudota,156.37
P.pseudota,156.45
P.pseudota,156.78
P.pseudota,156.81
P.pseudota,157
P.pseudota,157
P.pseudota,158.57
P.pseudota,158.57
P.pseudota,160.31
P.pseudota,160.44
P.pseudota,161.08
P.pseudota,161.3
P.pseudota,161.65
P.pseudota,161.91
P.pseudota,163.04
P.pseudota,163.75
P.pseudota,164.56
P.pseudota,164.68
P.pseudota,165.65
P.pseudota,165.72
P.pseudota,167.8
P.pseudota,171.88
P.pseudota,176.45
P.rubiginosa,75.01
P.rubiginosa,78.38
P.rubiginosa,78.68
P.rubiginosa,82.08
P.rubiginosa,83.55
P.rubiginosa,84.2
P.rubiginosa,84.34
P.rubiginosa,91.13
P.rubiginosa,91.87
P.rubiginosa,94.63
P.rubiginosa,95.6
P.rubiginosa,95.66
P.rubiginosa,98.41
P.rubiginosa,106.25
P.rubiginosa,111.05
P.rubiginosa,112.13
P.rubiginosa,116.1
P.rubiginosa,120.89
P.rubiginosa,125
P.rubiginosa,134.19
P.rubiginosa,134.3
P.rubiginosa,137.86
P.rubiginosa,151.95
P.rubiginosa,153.27
P.rubiginosa,154.5
P.rubiginosa,154.72
P.rubiginosa,158.61
P.rubiginosa,158.99
P.rubiginosa,167.28
P.rubiginosa,173.73
P.rubiginosa,176.94
P.rubiginosa,177.08
P.rubiginosa,181.69
P.rubiginosa,187.18
P.rubiginosa,188.51
P.rubiginosa,189.65
P.rubiginosa,197.51
P.rubiginosa,200.37
P.rubiginosa,210.96
P.rubiginosa,211.14
P.rubiginosa,212.04
P.rubiginosa,215.26
P.rubiginosa,215.88
P.rubiginosa,222.45
P.rubiginosa,231.38
P.rubiginosa,257.37
P.rugosa,44.78
P.rugosa,44.92
P.rugosa,45.72
P.rugosa,46.51
P.rugosa,46.75
P.rugosa,46.81
P.rugosa,47.86
P.rugosa,48.04
P.rugosa,49.03
P.rugosa,49.5
P.rugosa,49.53
P.rugosa,49.67
P.rugosa,49.71
P.rugosa,50.59
P.rugosa,51.51
P.rugosa,51.51
P.rugosa,51.86
P.rugosa,51.99
P.rugosa,52.68
P.rugosa,53.75
P.rugosa,54.96
P.rugosa,54.96
P.rugosa,55.09
P.rugosa,55.37
P.rugosa,55.9
P.rugosa,56.23
P.rugosa,56.26
P.rugosa,56.58
P.rugosa,56.82
P.rugosa,57.34
P.rugosa,57.34
P.rugosa,57.63
P.rugosa,57.85
P.rugosa,59.17
P.rugosa,60.01
P.rugosa,60.01
P.rugosa,60.57
P.rugosa,60.61
P.rugosa,62.01
P.rugosa,62.09
P.rugosa,63.06
P.rugosa,64.06
P.rugosa,64.11
P.rugosa,65.37
P.rugosa,66.15
P.rugosa,66.23
P.rugosa,66.44
P.rugosa,66.67
P.rugosa,66.7
P.rugosa,66.84
P.rugosa,66.87
P.rugosa,68.18
P.rugosa,68.18
P.rugosa,68.35
P.rugosa,68.85
P.rugosa,69.63
P.rugosa,69.63
P.rugosa,70.05
P.rugosa,70.5
P.rugosa,74.24
P.rugosa,75.53
P.rugosa,77.16
P.rugosa,79.25
P.rugosa,79.51
P.rugosa,79.82
P.rugosa,80.36
P.rugosa,80.81
P.rugosa,81.09
P.rugosa,81.51
P.rugosa,81.95
P.rugosa,82.2
P.rugosa,83.49
P.rugosa,84.38
P.rugosa,87.31
P.rugosa,87.54
P.rugosa,87.7
P.rugosa,87.8
P.rugosa,87.96
P.rugosa,89.67
P.rugosa,90.07
P.rugosa,92.46
P.rugosa,92.46
P.rugosa,92.46
P.rugosa,92.78
P.rugosa,92.85
P.rugosa,93.34
P.rugosa,93.34
P.rugosa,93.34
P.rugosa,93.72
P.rugosa,93.72
P.rugosa,94.88
P.rugosa,95.07
P.rugosa,95.09
P.rugosa,95.15
P.rugosa,95.45
P.rugosa,96.3
P.rugosa,96.49
P.rugosa,96.68
P.rugosa,99.18
P.rugosa,99.84
P.rugosa,101.24
P.rugosa,101.71
P.rugosa,101.8
P.rugosa,103.01
P.rugosa,104.43
P.rugosa,104.76
P.rugosa,107.49
P.rugosa,108.61
P.rugosa,108.84
P.rugosa,109.93
P.rugosa,110.57
P.rugosa,111.17
P.rugosa,111.48
P.rugosa,112.44
P.rugosa,112.89
P.rugosa,115.07
P.rugosa,115.17
P.rugosa,115.43
P.rugosa,115.72
P.rugosa,115.9
P.rugosa,116.21
P.rugosa,117.3
P.rugosa,118.41
P.rugosa,126.29
P.rugosa,126.58
P.rugosa,128.23
P.rugosa,129.06
P.rugosa,129.32
P.rugosa,129.36
P.rugosa,130.6
P.rugosa,131.2
P.rugosa,131.2
P.rugosa,132.82
P.rugosa,133.67
P.rugosa,135.51
P.rugosa,135.64
P.rugosa,136.06
P.rugosa,137.7
P.rugosa,139.53
P.rugosa,141
P.rugosa,142.82
P.rugosa,144.21
P.rugosa,144.72
P.rugosa,145.14
P.rugosa,146.26
P.rugosa,148.9
P.rugosa,149.8
P.rugosa,150.85
P.rugosa,151.24
P.rugosa,154.64
P.rugosa,154.86
P.rugosa,154.86
P.rugosa,157.04
P.rugosa,158.1
P.rugosa,159.02
P.rugosa,160.07
P.rugosa,161.3
P.rugosa,163.64
P.rugosa,163.66
P.rugosa,166.5
P.rugosa,174.62
P.rugosa,182.51
P.rugosa,183.25
P.rugosa,190.84
P.rugosa,191.85
P.rugosa,191.91
P.rugosa,205.25
P.rugosa,205.59
P.rugosa,205.64
P.rugosa,205.83
P.rugosa,206.57
P.rugosa,207.9
P.rugosa,208.15
P.rugosa,208.59
P.rugosa,209.19
P.rugosa,210.01
P.rugosa,211.01
P.rugosa,211.51
P.rugosa,215.13
P.rugosa,227.58
P.spicata,50.51
P.spicata,50.62
P.spicata,50.76
P.spicata,50.8
P.spicata,51.29
P.spicata,51.46
P.spicata,51.55
P.spicata,52.9
P.spicata,53.25
P.spicata,53.37
P.spicata,53.59
P.spicata,53.76
P.spicata,53.87
P.spicata,54.39
P.spicata,54.54
P.spicata,54.75
P.spicata,55.74
P.spicata,55.87
P.spicata,56.26
P.spicata,56.58
P.spicata,56.58
P.spicata,56.58
P.spicata,57
P.spicata,57.07
P.spicata,57.3
P.spicata,57.3
P.spicata,57.31
P.spicata,57.34
P.spicata,57.54
P.spicata,57.93
P.spicata,58.21
P.spicata,58.25
P.spicata,59.21
P.spicata,59.72
P.spicata,60.05
P.spicata,60.12
P.spicata,60.53
P.spicata,60.54
P.spicata,60.91
P.spicata,61.46
P.spicata,61.46
P.spicata,61.9
P.spicata,62.09
P.spicata,62.2
P.spicata,62.63
P.spicata,63.36
P.spicata,63.53
P.spicata,63.9
P.spicata,64.38
P.spicata,64.77
P.spicata,64.77
P.spicata,64.87
P.spicata,64.95
P.spicata,65.09
P.spicata,65.15
P.spicata,65.19
P.spicata,65.33
P.spicata,66.2
P.spicata,66.32
P.spicata,66.33
P.spicata,66.71
P.spicata,66.84
P.spicata,66.84
P.spicata,67.15
P.spicata,67.34
P.spicata,67.34
P.spicata,68.18
P.spicata,68.18
P.spicata,68.52
P.spicata,68.52
P.spicata,68.58
P.spicata,68.82
P.spicata,69.01
P.spicata,69.05
P.spicata,69.33
P.spicata,69.48
P.spicata,69.7
P.spicata,70.05
P.spicata,70.58
P.spicata,70.58
P.spicata,71.08
P.spicata,71.78
P.spicata,72.67
P.spicata,73.28
P.spicata,73.78
P.spicata,74.08
P.spicata,74.29
P.spicata,74.63
P.spicata,74.9
P.spicata,75.29
P.spicata,75.62
P.spicata,76.34
P.spicata,76.78
P.spicata,77.23
P.spicata,77.26
P.spicata,77.4
P.spicata,77.52
P.spicata,77.99
P.spicata,78.1
P.spicata,79.55
P.spicata,80.61
P.spicata,81.22
P.spicata,81.88
P.spicata,82.83
P.spicata,83.49
P.spicata,83.89
P.spicata,84.25
P.spicata,84.25
P.spicata,84.38
P.spicata,84.81
P.spicata,85.24
P.spicata,85.43
P.spicata,85.61
P.spicata,85.61
P.spicata,85.84
P.spicata,87
P.spicata,87.54
P.spicata,87.8
P.spicata,87.8
P.spicata,87.89
P.spicata,88.16
P.spicata,88.69
P.spicata,88.98
P.spicata,89.57
P.spicata,89.87
P.spicata,89.87
P.spicata,90.13
P.spicata,91.25
P.spicata,91.25
P.spicata,92.78
P.spicata,92.78
P.spicata,93.55
P.spicata,93.83
P.spicata,93.91
P.spicata,94.72
P.spicata,94.72
P.spicata,95.15
P.spicata,95.16
P.spicata,95.16
P.spicata,95.93
P.spicata,96.79
P.spicata,97.52
P.spicata,97.89
P.spicata,97.99
P.spicata,98.26
P.spicata,99.44
P.spicata,100.55
P.spicata,100.64
P.spicata,102.79
P.spicata,102.79
P.spicata,103.39
P.spicata,103.81
P.spicata,104.09
P.spicata,104.09
P.spicata,104.17
P.spicata,104.17
P.spicata,104.59
P.spicata,104.81
P.spicata,106.38
P.spicata,107.77
P.spicata,108.52
P.spicata,109.09
P.spicata,109.62
P.spicata,109.62
P.spicata,109.8
P.spicata,110.88
P.spicata,110.95
P.spicata,111.17
P.spicata,111.17
P.spicata,111.25
P.spicata,112.21
P.spicata,112.81
P.spicata,113.65
P.spicata,113.91
P.spicata,114.25
P.spicata,115.7
P.spicata,115.96
P.spicata,116.74
P.spicata,116.84
P.spicata,117.9
P.spicata,119.44
P.spicata,119.73
P.spicata,120.47
P.spicata,120.71
P.spicata,120.75
P.spicata,121.53
P.spicata,121.76
P.spicata,122.72
P.spicata,123.24
P.spicata,123.46
P.spicata,123.81
P.spicata,124.07
P.spicata,124.17
P.spicata,124.41
P.spicata,124.94
P.spicata,125.06
P.spicata,127.38
P.spicata,127.42
P.spicata,128.31
P.spicata,128.52
P.spicata,128.92
P.spicata,129.64
P.spicata,130.18
P.spicata,130.37
P.spicata,131.2
P.spicata,132.33
P.spicata,133.06
P.spicata,133.93
P.spicata,134.99
P.spicata,135.02
P.spicata,136.19
P.spicata,136.78
P.spicata,137.15
P.spicata,139.53
P.spicata,140.05
P.spicata,140.39
P.spicata,141.58
P.spicata,141.85
P.spicata,144.11
P.spicata,144.71
P.spicata,145.41
P.spicata,148.19
P.spicata,150.17
P.spicata,150.58
P.spicata,152.15
P.spicata,155.69
P.spicata,156.29
P.spicata,156.65
P.spicata,157.4
P.spicata,157.79
P.spicata,158.12
P.spicata,158.46
P.spicata,159.02
P.spicata,160.07
P.spicata,164.2
P.spicata,169.32
P.spicata,185.47
P.spicata,188.63
P.sprucei,45.05
P.sprucei,49.06
P.sprucei,49.38
P.sprucei,52.09
P.sprucei,52.11
P.sprucei,54.15
P.sprucei,55.52
P.sprucei,56.16
P.sprucei,56.17
P.sprucei,56.27
P.sprucei,56.46
P.sprucei,57.17
P.sprucei,63.49
P.sprucei,63.64
P.sprucei,63.69
P.sprucei,63.84
P.sprucei,66.71
P.sprucei,66.82
P.sprucei,71.94
P.sprucei,74.96
P.sprucei,80.48
P.sprucei,81.7
P.sprucei,82.19
P.sprucei,84.66
P.sprucei,85.11
P.sprucei,105.29
P.sprucei,128.66
P.sprucei,128.66
P.trigonia,49.09
P.trigonia,49.13
P.trigonia,49.51
P.trigonia,49.65
P.trigonia,49.65
P.trigonia,50.2
P.trigonia,51.79
P.trigonia,52.01
P.trigonia,52.32
P.trigonia,52.37
P.trigonia,53.11
P.trigonia,53.76
P.trigonia,54.28
P.trigonia,55.29
P.trigonia,55.91
P.trigonia,56.08
P.trigonia,56.28
P.trigonia,57.14
P.trigonia,58.22
P.trigonia,60.83
P.trigonia,61.17
P.trigonia,64.52
P.trigonia,66.7
P.trigonia,71.1
P.trigonia,71.78
P.trigonia,76.03
P.trigonia,76.37
P.trigonia,76.58
P.trigonia,78.28
P.trigonia,79.31
P.trigonia,81.61
P.trigonia,81.97
P.trigonia,84.12
P.trigonia,87.14
P.trigonia,87.75
P.trigonia,99.51
P.trigonia,99.76
P.trigonia,101.65
P.trigonia,101.96
P.trigonia,102.24
P.trigonia,102.8
P.trigonia,103.32
P.trigonia,105.57
P.trigonia,106.23
P.trigonia,107.61
P.trigonia,110.2
P.trigonia,112.53
P.trigonia,113.98
P.trigonia,116.15
P.trigonia,116.45
P.trigonia,118.46
P.trigonia,122.58
P.trigonia,123.63
P.trigonia,126
P.trigonia,126.95
P.trigonia,127.17
P.trigonia,131.82
P.trigonia,132.85
P.trigonia,133.35
P.trigonia,133.61
P.trigonia,133.77
P.trigonia,138.66
P.trigonia,140.84
P.trigonia,144.23
P.trigonia,146.38
P.trigonia,146.8
P.trigonia,148.78
P.trigonia,151.1
P.trigonia,153.95
P.trigonia,155.27
P.trigonia,157
P.trigonia,159.27
P.trigonia,162.38
P.trigonia,163.36
P.trigonia,163.5
P.trigonia,165.81
P.trigonia,168.7
P.trigonia,170.11
P.trigonia,170.38
P.trigonia,172.38
P.trigonia,174.25
P.trigonia,175.5
P.trigonia,177.56
P.trigonia,178.55
P.trigonia,178.7
P.trigonia,180.35
P.trigonia,180.64
P.trigonia,182.85
P.trigonia,183.5
P.trigonia,183.82
P.trigonia,184.61
P.trigonia,185.62
P.trigonia,186.94
P.trigonia,188.38
P.trigonia,190.9
P.trigonia,192.55
P.trigonia,192.99
P.trigonia,195.18
P.trigonia,195.8
P.trigonia,195.89
P.trigonia,196.28
P.trigonia,196.65
P.trigonia,198.14
P.trigonia,198.14
P.trigonia,200.05
P.trigonia,201.75
P.trigonia,203.86
P.trigonia,207
P.trigonia,207.57
P.trigonia,208.78
P.trigonia,211.15
P.trigonia,211.26
P.trigonia,212.08
P.trigonia,219.52
P.trigonia,224.52
P.trigonia,227.1
P.trigonia,237.96
P.trigonia,247.26
P.trigonia,260.53
P.trigonia,266.74
P.trigonia,46.17
P.trigonia,46.42
P.trigonia,47.31
P.trigonia,47.6
P.trigonia,47.75
P.turbacensis,49.99
P.turbacensis,49.99
P.turbacensis,50.03
P.turbacensis,50.64
P.turbacensis,50.64
P.turbacensis,51.64
P.turbacensis,51.76
P.turbacensis,51.76
P.turbacensis,52.7
P.turbacensis,52.7
P.turbacensis,52.79
P.turbacensis,53.04
P.turbacensis,53.35
P.turbacensis,53.7
P.turbacensis,54.97
P.turbacensis,54.97
P.turbacensis,55.6
P.turbacensis,55.6
P.turbacensis,56.15
P.turbacensis,56.15
P.turbacensis,56.29
P.turbacensis,56.29
P.turbacensis,56.29
P.turbacensis,56.29
P.turbacensis,56.29
P.turbacensis,57.44
P.turbacensis,57.87
P.turbacensis,58.4
P.turbacensis,58.92
P.turbacensis,59.43
P.turbacensis,59.67
P.turbacensis,60.08
P.turbacensis,61.69
P.turbacensis,61.86
P.turbacensis,63.26
P.turbacensis,63.26
P.turbacensis,63.26
P.turbacensis,63.9
P.turbacensis,63.9
P.turbacensis,64.79
P.turbacensis,65.3
P.turbacensis,66.66
P.turbacensis,66.66
P.turbacensis,66.93
P.turbacensis,67.18
P.turbacensis,67.27
P.turbacensis,67.27
P.turbacensis,67.75
P.turbacensis,69.45
P.turbacensis,69.54
P.turbacensis,69.77
P.turbacensis,70
P.turbacensis,70.7
P.turbacensis,70.7
P.turbacensis,70.73
P.turbacensis,71.62
P.turbacensis,71.62
P.turbacensis,71.62
P.turbacensis,72.13
P.turbacensis,72.86
P.turbacensis,72.86
P.turbacensis,72.86
P.turbacensis,74.51
P.turbacensis,74.53
P.turbacensis,74.53
P.turbacensis,74.75
P.turbacensis,75.5
P.turbacensis,75.5
P.turbacensis,75.5
P.turbacensis,76.1
P.turbacensis,76.26
P.turbacensis,76.82
P.turbacensis,78.06
P.turbacensis,78.06
P.turbacensis,78.62
P.turbacensis,78.71
P.turbacensis,79.41
P.turbacensis,79.64
P.turbacensis,79.69
P.turbacensis,79.71
P.turbacensis,79.71
P.turbacensis,79.74
P.turbacensis,80.57
P.turbacensis,81.1
P.turbacensis,81.34
P.turbacensis,81.84
P.turbacensis,82.43
P.turbacensis,83.32
P.turbacensis,84.39
P.turbacensis,85.26
P.turbacensis,85.69
P.turbacensis,85.93
P.turbacensis,85.93
P.turbacensis,86.33
P.turbacensis,86.33
P.turbacensis,86.4
P.turbacensis,86.8
P.turbacensis,87.43
P.turbacensis,87.47
P.turbacensis,87.74
P.turbacensis,88.04
P.turbacensis,88.57
P.turbacensis,88.73
P.turbacensis,88.73
P.turbacensis,90.37
P.turbacensis,90.49
P.turbacensis,90.76
P.turbacensis,90.83
P.turbacensis,90.83
P.turbacensis,90.83
P.turbacensis,91.3
P.turbacensis,91.56
P.turbacensis,92.16
P.turbacensis,92.16
P.turbacensis,93.16
P.turbacensis,94.27
P.turbacensis,94.61
P.turbacensis,94.81
P.turbacensis,95.32
P.turbacensis,95.39
P.turbacensis,95.4
P.turbacensis,95.81
P.turbacensis,96.41
P.turbacensis,96.41
P.turbacensis,96.41
P.turbacensis,96.88
P.turbacensis,97.08
P.turbacensis,97.34
P.turbacensis,97.78
P.turbacensis,97.84
P.turbacensis,97.84
P.turbacensis,97.84
P.turbacensis,98.34
P.turbacensis,98.75
P.turbacensis,99.51
P.turbacensis,99.77
P.turbacensis,99.82
P.turbacensis,99.99
P.turbacensis,100.07
P.turbacensis,100.39
P.turbacensis,100.77
P.turbacensis,100.89
P.turbacensis,101.04
P.turbacensis,101.36
P.turbacensis,101.95
P.turbacensis,102.01
P.turbacensis,102.03
P.turbacensis,102.64
P.turbacensis,103.06
P.turbacensis,104.3
P.turbacensis,104.93
P.turbacensis,104.93
P.turbacensis,105.88
P.turbacensis,106.09
P.turbacensis,106.62
P.turbacensis,107.94
P.turbacensis,108.32
P.turbacensis,108.75
P.turbacensis,108.75
P.turbacensis,109.89
P.turbacensis,110.39
P.turbacensis,111.29
P.turbacensis,112.24
P.turbacensis,112.59
P.turbacensis,112.8
P.turbacensis,113.24
P.turbacensis,113.24
P.turbacensis,113.89
P.turbacensis,114.89
P.turbacensis,114.96
P.turbacensis,115.03
P.turbacensis,115.59
P.turbacensis,116.32
P.turbacensis,116.65
P.turbacensis,117.83
P.turbacensis,118.4
P.turbacensis,119.5
P.turbacensis,120.57
P.turbacensis,121.59
P.turbacensis,121.72
P.turbacensis,122.32
P.turbacensis,123.47
P.turbacensis,123.93
P.turbacensis,124.51
P.turbacensis,125.36
P.turbacensis,125.88
P.turbacensis,126.33
P.turbacensis,126.52
P.turbacensis,126.59
P.turbacensis,127.18
P.turbacensis,127.62
P.turbacensis,127.81
P.turbacensis,129.4
P.turbacensis,129.75
P.turbacensis,129.92
P.turbacensis,130.46
P.turbacensis,131.96
P.turbacensis,131.96
P.turbacensis,132.02
P.turbacensis,132.95
P.turbacensis,133.86
P.turbacensis,134.35
P.turbacensis,135.35
P.turbacensis,135.53
P.turbacensis,135.82
P.turbacensis,137.73
P.turbacensis,138.04
P.turbacensis,138.32
P.turbacensis,138.32
P.turbacensis,138.78
P.turbacensis,139.07
P.turbacensis,139.55
P.turbacensis,139.79
P.turbacensis,139.96
P.turbacensis,140.62
P.turbacensis,140.76
P.turbacensis,140.76
P.turbacensis,141.24
P.turbacensis,141.24
P.turbacensis,141.3
P.turbacensis,142.15
P.turbacensis,145.02
P.turbacensis,145.11
P.turbacensis,145.72
P.turbacensis,145.91
P.turbacensis,146.96
P.turbacensis,148.28
P.turbacensis,150.53
P.turbacensis,152.48
P.turbacensis,153.37
P.turbacensis,153.7
P.turbacensis,153.9
P.turbacensis,154.14
P.turbacensis,154.7
P.turbacensis,154.71
P.turbacensis,156.55
P.turbacensis,159.89
P.turbacensis,162.57
P.turbacensis,169.99
P.turbacensis,173.6
P.turbacensis,173.84
P.turbacensis,186.04
P.turbacensis,187.63
P.turbacensis,201.03
P.weinmaniifolia,40.58
P.weinmaniifolia,40.58
P.weinmaniifolia,40.58
P.weinmaniifolia,40.8
P.weinmaniifolia,40.92
P.weinmaniifolia,40.92
P.weinmaniifolia,41.37
P.weinmaniifolia,41.37
P.weinmaniifolia,41.37
P.weinmaniifolia,41.76
P.weinmaniifolia,41.76
P.weinmaniifolia,42.36
P.weinmaniifolia,42.36
P.weinmaniifolia,42.36
P.weinmaniifolia,42.42
P.weinmaniifolia,42.58
P.weinmaniifolia,43.01
P.weinmaniifolia,43.01
P.weinmaniifolia,43.01
P.weinmaniifolia,43.06
P.weinmaniifolia,43.06
P.weinmaniifolia,43.23
P.weinmaniifolia,43.23
P.weinmaniifolia,43.23
P.weinmaniifolia,43.23
P.weinmaniifolia,43.23
P.weinmaniifolia,43.23
P.weinmaniifolia,43.23
P.weinmaniifolia,43.49
P.weinmaniifolia,43.54
P.weinmaniifolia,43.54
P.weinmaniifolia,44.28
P.weinmaniifolia,44.28
P.weinmaniifolia,44.33
P.weinmaniifolia,44.75
P.weinmaniifolia,45.21
P.weinmaniifolia,45.21
P.weinmaniifolia,45.37
P.weinmaniifolia,45.37
P.weinmaniifolia,45.37
P.weinmaniifolia,45.57
P.weinmaniifolia,45.62
P.weinmaniifolia,45.62
P.weinmaniifolia,45.97
P.weinmaniifolia,45.97
P.weinmaniifolia,45.97
P.weinmaniifolia,46.02
P.weinmaniifolia,46.42
P.weinmaniifolia,46.42
P.weinmaniifolia,46.97
P.weinmaniifolia,47.21
P.weinmaniifolia,47.31
P.weinmaniifolia,47.36
P.weinmaniifolia,47.36
P.weinmaniifolia,47.6
P.weinmaniifolia,49.13
P.weinmaniifolia,51.61
P.weinmaniifolia,51.97
P.weinmaniifolia,52.5
P.weinmaniifolia,53.76
P.weinmaniifolia,53.81
P.weinmaniifolia,53.81
P.weinmaniifolia,53.81
P.weinmaniifolia,53.81
P.weinmaniifolia,56.08
P.weinmaniifolia,58.1
P.weinmaniifolia,59.33
P.weinmaniifolia,59.91
P.weinmaniifolia,60.25
P.weinmaniifolia,60.25
P.weinmaniifolia,60.37
P.weinmaniifolia,60.37
P.weinmaniifolia,60.37
P.weinmaniifolia,62.7
P.weinmaniifolia,64.52
P.weinmaniifolia,65.51
P.weinmaniifolia,65.51
P.weinmaniifolia,65.97
P.weinmaniifolia,68.01
P.weinmaniifolia,71.1
P.weinmaniifolia,73.02
P.weinmaniifolia,73.12
P.weinmaniifolia,73.15
P.weinmaniifolia,74.15
P.weinmaniifolia,75.27
P.weinmaniifolia,76.37
P.weinmaniifolia,80.61
P.weinmaniifolia,81.83
P.weinmaniifolia,81.83
P.weinmaniifolia,84.12
P.weinmaniifolia,84.5
P.weinmaniifolia,84.64
P.weinmaniifolia,87.57
P.weinmaniifolia,90.55
P.weinmaniifolia,93.37
P.weinmaniifolia,93.69
P.weinmaniifolia,94.06
P.weinmaniifolia,94.33
P.weinmaniifolia,95.23
P.weinmaniifolia,96.77
P.weinmaniifolia,96.87
P.weinmaniifolia,96.87
P.weinmaniifolia,99.06
P.weinmaniifolia,99.06
P.weinmaniifolia,99.13
P.weinmaniifolia,99.13
P.weinmaniifolia,99.62
P.weinmaniifolia,99.97
P.weinmaniifolia,100.25
P.weinmaniifolia,101.17
P.weinmaniifolia,102.91
P.weinmaniifolia,103.25
P.weinmaniifolia,103.81
P.weinmaniifolia,105.38
P.weinmaniifolia,105.38
P.weinmaniifolia,105.46
P.weinmaniifolia,105.73
P.weinmaniifolia,105.73
P.weinmaniifolia,105.92
P.weinmaniifolia,106.16
P.weinmaniifolia,107.55
P.weinmaniifolia,107.61
P.weinmaniifolia,107.87
P.weinmaniifolia,109.51
P.weinmaniifolia,109.7
P.weinmaniifolia,109.7
P.weinmaniifolia,110.2
P.weinmaniifolia,110.58
P.weinmaniifolia,111.77
P.weinmaniifolia,111.83
P.weinmaniifolia,111.85
P.weinmaniifolia,112.2
P.weinmaniifolia,112.2
P.weinmaniifolia,112.53
P.weinmaniifolia,112.57
P.weinmaniifolia,112.57
P.weinmaniifolia,113.18
P.weinmaniifolia,113.98
P.weinmaniifolia,113.98
P.weinmaniifolia,114
P.weinmaniifolia,114
P.weinmaniifolia,114.06
P.weinmaniifolia,115.27
P.weinmaniifolia,116.45
P.weinmaniifolia,116.84
P.weinmaniifolia,117.4
P.weinmaniifolia,117.4
P.weinmaniifolia,119.45
P.weinmaniifolia,119.52
P.weinmaniifolia,119.7
P.weinmaniifolia,120.45
P.weinmaniifolia,120.45
P.weinmaniifolia,121.37
P.weinmaniifolia,122.41
P.weinmaniifolia,122.6
P.weinmaniifolia,123.8
P.weinmaniifolia,124.3
P.weinmaniifolia,124.75
P.weinmaniifolia,124.81
P.weinmaniifolia,125.03
P.weinmaniifolia,125.4
P.weinmaniifolia,125.64
P.weinmaniifolia,125.86
P.weinmaniifolia,126.02
P.weinmaniifolia,126.17
P.weinmaniifolia,126.57
P.weinmaniifolia,126.75
P.weinmaniifolia,126.95
P.weinmaniifolia,127.88
P.weinmaniifolia,128.31
P.weinmaniifolia,129.32
P.weinmaniifolia,129.32
P.weinmaniifolia,129.32
P.weinmaniifolia,129.39
P.weinmaniifolia,129.5
P.weinmaniifolia,130.4
P.weinmaniifolia,130.63
P.weinmaniifolia,131.2
P.weinmaniifolia,131.25
P.weinmaniifolia,132.85
P.weinmaniifolia,133.35
P.weinmaniifolia,133.4
P.weinmaniifolia,134.18
P.weinmaniifolia,134.68
P.weinmaniifolia,134.68
P.weinmaniifolia,135.5
P.weinmaniifolia,137.58
P.weinmaniifolia,137.63
P.weinmaniifolia,137.79
P.weinmaniifolia,137.9
P.weinmaniifolia,138.24
P.weinmaniifolia,138.99
P.weinmaniifolia,139.45
P.weinmaniifolia,139.78
P.weinmaniifolia,139.85
P.weinmaniifolia,139.93
P.weinmaniifolia,140.03
P.weinmaniifolia,141.95
P.weinmaniifolia,142.15
P.weinmaniifolia,142.15
P.weinmaniifolia,142.55
P.weinmaniifolia,142.97
P.weinmaniifolia,143.07
P.weinmaniifolia,146.3
P.weinmaniifolia,147.57
P.weinmaniifolia,148.26
P.weinmaniifolia,148.26
P.weinmaniifolia,148.26
P.weinmaniifolia,148.45
P.weinmaniifolia,148.88
P.weinmaniifolia,149.15
P.weinmaniifolia,150.68
P.weinmaniifolia,150.68
P.weinmaniifolia,151
P.weinmaniifolia,151.09
P.weinmaniifolia,152.82
P.weinmaniifolia,153.07
P.weinmaniifolia,153.35
P.weinmaniifolia,153.43
P.weinmaniifolia,155.27
P.weinmaniifolia,155.38
P.weinmaniifolia,158.63
P.weinmaniifolia,159.85
P.weinmaniifolia,161.22
P.weinmaniifolia,161.42
P.weinmaniifolia,161.42
P.weinmaniifolia,162.38
P.weinmaniifolia,163.95
P.weinmaniifolia,167.81
P.weinmaniifolia,172.38
P.weinmaniifolia,175.04
P.weinmaniifolia,179.54
P.weinmaniifolia,180.25
P.weinmaniifolia,182.8
P.weinmaniifolia,185.66
zP.sp,38.52
zP.sp,38.69
zP.sp,38.88
zP.sp,39.18
zP.sp,39.22
zP.sp,39.66
zP.sp,39.7
zP.sp,39.91
zP.sp,39.91
zP.sp,40.31
zP.sp,40.94
zP.sp,41.1
zP.sp,41.48
zP.sp,41.72
zP.sp,41.72
zP.sp,41.72
zP.sp,41.72
zP.sp,42.14
zP.sp,42.15
zP.sp,42.73
zP.sp,42.94
zP.sp,43
zP.sp,43.85
zP.sp,44.01
zP.sp,44.05
zP.sp,44.05
zP.sp,44.05
zP.sp,44.16
zP.sp,44.52
zP.sp,44.93
zP.sp,45.07
zP.sp,45.08
zP.sp,45.08
zP.sp,45.38
zP.sp,46.02
zP.sp,46.02
zP.sp,46.12
zP.sp,46.22
zP.sp,46.38
zP.sp,46.38
zP.sp,46.43
zP.sp,46.91
zP.sp,46.91
zP.sp,46.97
zP.sp,47.05
zP.sp,47.22
zP.sp,47.29
zP.sp,47.77
zP.sp,48.26
zP.sp,48.34
zP.sp,48.72
zP.sp,48.81
zP.sp,49.01
zP.sp,49.19
zP.sp,49.43
zP.sp,49.88
zP.sp,50.01
zP.sp,50.07
zP.sp,50.78
zP.sp,50.96
zP.sp,51.36
zP.sp,51.63
zP.sp,51.68
zP.sp,51.98
zP.sp,52.21
zP.sp,52.77
zP.sp,52.77
zP.sp,52.85
zP.sp,52.85
zP.sp,53.04
zP.sp,53.41
zP.sp,53.41
zP.sp,53.76
zP.sp,53.8
zP.sp,53.93
zP.sp,54.27
zP.sp,54.4
zP.sp,54.6
zP.sp,54.65
zP.sp,55.19
zP.sp,55.19
zP.sp,55.92
zP.sp,55.93
zP.sp,56.41
zP.sp,56.42
zP.sp,56.57
zP.sp,56.78
zP.sp,56.98
zP.sp,57.26
zP.sp,57.53
zP.sp,57.53
zP.sp,57.53
zP.sp,57.84
zP.sp,58.21
zP.sp,58.31
zP.sp,58.56
zP.sp,58.78
zP.sp,58.78
zP.sp,59.09
zP.sp,59.25
zP.sp,59.87
zP.sp,60.16
zP.sp,60.32
zP.sp,60.43
zP.sp,60.73
zP.sp,61.11
zP.sp,61.22
zP.sp,61.51
zP.sp,61.66
zP.sp,61.66
zP.sp,62.11
zP.sp,62.52
zP.sp,62.84
zP.sp,63.13
zP.sp,63.41
zP.sp,63.52
zP.sp,63.6
zP.sp,63.74
zP.sp,63.74
zP.sp,64.09
zP.sp,64.27
zP.sp,64.42
zP.sp,65.82
zP.sp,65.99
zP.sp,66.37
zP.sp,66.62
zP.sp,66.65
zP.sp,67.05
zP.sp,67.56
zP.sp,67.91
zP.sp,68.13
zP.sp,68.4
zP.sp,68.4
zP.sp,68.9
zP.sp,69.56
zP.sp,70.1
zP.sp,71.02
zP.sp,71.4
zP.sp,71.66
zP.sp,71.66
zP.sp,71.66
zP.sp,71.66
zP.sp,71.79
zP.sp,72.55
zP.sp,72.67
zP.sp,72.92
zP.sp,73.14
zP.sp,73.52
zP.sp,73.79
zP.sp,74.41
zP.sp,75.06
zP.sp,75.42
zP.sp,75.87
zP.sp,76.08
zP.sp,77.45
zP.sp,80.57
zP.sp,81.89
zP.sp,83.32
zP.sp,84.3
zP.sp,84.65
zP.sp,86.55
zP.sp,87.99
zP.sp,88.45
zP.sp,88.91
zP.sp,90.37
zP.sp,91.27
zP.sp,95.55
zP.sp,111.47